2025-07-29 16:49:31 [main] INFO  org.hibernate.jpa.internal.util.LogHelper - HHH000204: Processing PersistenceUnitInfo [name: pasteleriaPU]
2025-07-29 16:49:31 [main] INFO  org.hibernate.Version - HHH000412: Hibernate ORM core version 6.6.3.Final
2025-07-29 16:49:31 [main] INFO  org.hibernate.cache.internal.RegionFactoryInitiator - HHH000026: Second-level cache disabled
2025-07-29 16:49:32 [main] INFO  org.hibernate.engine.jdbc.connections.internal.ConnectionProviderInitiator - HHH000130: Instantiating explicit connection provider: com.zaxxer.hikari.hibernate.HikariConnectionProvider
2025-07-29 16:49:32 [main] WARN  org.hibernate.dialect.Dialect - HHH000511: The 5.5.5 version for [org.hibernate.dialect.MySQLDialect] is no longer supported, hence certain features may not work properly. The minimum supported version is 8.0.0. Check the community dialects project for available legacy versions.
2025-07-29 16:49:32 [main] INFO  org.hibernate.orm.connections.pooling - HHH10001005: Database info:
	Database JDBC URL [undefined/unknown]
	Database driver: undefined/unknown
	Database version: 5.5.5
	Autocommit mode: undefined/unknown
	Isolation level: undefined/unknown
	Minimum pool size: undefined/unknown
	Maximum pool size: undefined/unknown
2025-07-29 16:49:34 [main] INFO  org.hibernate.engine.transaction.jta.platform.internal.JtaPlatformInitiator - HHH000489: No JTA platform available (set 'hibernate.transaction.jta.platform' to enable JTA platform integration)
2025-07-29 17:12:39 [JavaFX Application Thread] INFO  org.hibernate.jpa.internal.util.LogHelper - HHH000204: Processing PersistenceUnitInfo [name: pasteleriaPU]
2025-07-29 17:12:39 [JavaFX Application Thread] INFO  org.hibernate.cache.internal.RegionFactoryInitiator - HHH000026: Second-level cache disabled
2025-07-29 17:12:39 [JavaFX Application Thread] INFO  org.hibernate.engine.jdbc.connections.internal.ConnectionProviderInitiator - HHH000130: Instantiating explicit connection provider: com.zaxxer.hikari.hibernate.HikariConnectionProvider
2025-07-29 17:12:39 [JavaFX Application Thread] WARN  org.hibernate.dialect.Dialect - HHH000511: The 5.5.5 version for [org.hibernate.dialect.MySQLDialect] is no longer supported, hence certain features may not work properly. The minimum supported version is 8.0.0. Check the community dialects project for available legacy versions.
2025-07-29 17:12:39 [JavaFX Application Thread] INFO  org.hibernate.orm.connections.pooling - HHH10001005: Database info:
	Database JDBC URL [undefined/unknown]
	Database driver: undefined/unknown
	Database version: 5.5.5
	Autocommit mode: undefined/unknown
	Isolation level: undefined/unknown
	Minimum pool size: undefined/unknown
	Maximum pool size: undefined/unknown
2025-07-29 17:12:39 [JavaFX Application Thread] INFO  org.hibernate.engine.transaction.jta.platform.internal.JtaPlatformInitiator - HHH000489: No JTA platform available (set 'hibernate.transaction.jta.platform' to enable JTA platform integration)
2025-07-29 17:12:40 [JavaFX Application Thread] INFO  org.hibernate.jpa.internal.util.LogHelper - HHH000204: Processing PersistenceUnitInfo [name: pasteleriaPU]
2025-07-29 17:12:40 [JavaFX Application Thread] INFO  org.hibernate.cache.internal.RegionFactoryInitiator - HHH000026: Second-level cache disabled
2025-07-29 17:12:40 [JavaFX Application Thread] INFO  org.hibernate.engine.jdbc.connections.internal.ConnectionProviderInitiator - HHH000130: Instantiating explicit connection provider: com.zaxxer.hikari.hibernate.HikariConnectionProvider
2025-07-29 17:12:40 [JavaFX Application Thread] WARN  org.hibernate.dialect.Dialect - HHH000511: The 5.5.5 version for [org.hibernate.dialect.MySQLDialect] is no longer supported, hence certain features may not work properly. The minimum supported version is 8.0.0. Check the community dialects project for available legacy versions.
2025-07-29 17:12:40 [JavaFX Application Thread] INFO  org.hibernate.orm.connections.pooling - HHH10001005: Database info:
	Database JDBC URL [undefined/unknown]
	Database driver: undefined/unknown
	Database version: 5.5.5
	Autocommit mode: undefined/unknown
	Isolation level: undefined/unknown
	Minimum pool size: undefined/unknown
	Maximum pool size: undefined/unknown
2025-07-29 17:12:40 [JavaFX Application Thread] INFO  org.hibernate.engine.transaction.jta.platform.internal.JtaPlatformInitiator - HHH000489: No JTA platform available (set 'hibernate.transaction.jta.platform' to enable JTA platform integration)
2025-07-29 17:12:40 [JavaFX Application Thread] INFO  org.hibernate.jpa.internal.util.LogHelper - HHH000204: Processing PersistenceUnitInfo [name: pasteleriaPU]
2025-07-29 17:12:40 [JavaFX Application Thread] INFO  org.hibernate.cache.internal.RegionFactoryInitiator - HHH000026: Second-level cache disabled
2025-07-29 17:12:41 [JavaFX Application Thread] INFO  org.hibernate.engine.jdbc.connections.internal.ConnectionProviderInitiator - HHH000130: Instantiating explicit connection provider: com.zaxxer.hikari.hibernate.HikariConnectionProvider
2025-07-29 17:12:41 [JavaFX Application Thread] WARN  org.hibernate.dialect.Dialect - HHH000511: The 5.5.5 version for [org.hibernate.dialect.MySQLDialect] is no longer supported, hence certain features may not work properly. The minimum supported version is 8.0.0. Check the community dialects project for available legacy versions.
2025-07-29 17:12:41 [JavaFX Application Thread] INFO  org.hibernate.orm.connections.pooling - HHH10001005: Database info:
	Database JDBC URL [undefined/unknown]
	Database driver: undefined/unknown
	Database version: 5.5.5
	Autocommit mode: undefined/unknown
	Isolation level: undefined/unknown
	Minimum pool size: undefined/unknown
	Maximum pool size: undefined/unknown
2025-07-29 17:12:41 [JavaFX Application Thread] INFO  org.hibernate.engine.transaction.jta.platform.internal.JtaPlatformInitiator - HHH000489: No JTA platform available (set 'hibernate.transaction.jta.platform' to enable JTA platform integration)
2025-07-29 17:12:49 [JavaFX Application Thread] INFO  org.hibernate.jpa.internal.util.LogHelper - HHH000204: Processing PersistenceUnitInfo [name: pasteleriaPU]
2025-07-29 17:12:49 [JavaFX Application Thread] INFO  org.hibernate.cache.internal.RegionFactoryInitiator - HHH000026: Second-level cache disabled
2025-07-29 17:12:49 [JavaFX Application Thread] INFO  org.hibernate.engine.jdbc.connections.internal.ConnectionProviderInitiator - HHH000130: Instantiating explicit connection provider: com.zaxxer.hikari.hibernate.HikariConnectionProvider
2025-07-29 17:12:49 [JavaFX Application Thread] WARN  org.hibernate.dialect.Dialect - HHH000511: The 5.5.5 version for [org.hibernate.dialect.MySQLDialect] is no longer supported, hence certain features may not work properly. The minimum supported version is 8.0.0. Check the community dialects project for available legacy versions.
2025-07-29 17:12:49 [JavaFX Application Thread] INFO  org.hibernate.orm.connections.pooling - HHH10001005: Database info:
	Database JDBC URL [undefined/unknown]
	Database driver: undefined/unknown
	Database version: 5.5.5
	Autocommit mode: undefined/unknown
	Isolation level: undefined/unknown
	Minimum pool size: undefined/unknown
	Maximum pool size: undefined/unknown
2025-07-29 17:12:49 [JavaFX Application Thread] INFO  org.hibernate.engine.transaction.jta.platform.internal.JtaPlatformInitiator - HHH000489: No JTA platform available (set 'hibernate.transaction.jta.platform' to enable JTA platform integration)
2025-07-29 17:30:34 [main] INFO  org.hibernate.jpa.internal.util.LogHelper - HHH000204: Processing PersistenceUnitInfo [name: pasteleriaPU]
2025-07-29 17:30:34 [main] INFO  org.hibernate.Version - HHH000412: Hibernate ORM core version 6.6.3.Final
2025-07-29 17:30:34 [main] INFO  org.hibernate.cache.internal.RegionFactoryInitiator - HHH000026: Second-level cache disabled
2025-07-29 17:30:35 [main] INFO  org.hibernate.engine.jdbc.connections.internal.ConnectionProviderInitiator - HHH000130: Instantiating explicit connection provider: com.zaxxer.hikari.hibernate.HikariConnectionProvider
2025-07-29 17:30:35 [main] WARN  org.hibernate.dialect.Dialect - HHH000511: The 5.5.5 version for [org.hibernate.dialect.MySQLDialect] is no longer supported, hence certain features may not work properly. The minimum supported version is 8.0.0. Check the community dialects project for available legacy versions.
2025-07-29 17:30:35 [main] INFO  org.hibernate.orm.connections.pooling - HHH10001005: Database info:
	Database JDBC URL [undefined/unknown]
	Database driver: undefined/unknown
	Database version: 5.5.5
	Autocommit mode: undefined/unknown
	Isolation level: undefined/unknown
	Minimum pool size: undefined/unknown
	Maximum pool size: undefined/unknown
2025-07-29 17:30:37 [main] INFO  org.hibernate.engine.transaction.jta.platform.internal.JtaPlatformInitiator - HHH000489: No JTA platform available (set 'hibernate.transaction.jta.platform' to enable JTA platform integration)
2025-07-29 17:30:46 [JavaFX Application Thread] INFO  org.hibernate.jpa.internal.util.LogHelper - HHH000204: Processing PersistenceUnitInfo [name: pasteleriaPU]
2025-07-29 17:30:46 [JavaFX Application Thread] INFO  org.hibernate.cache.internal.RegionFactoryInitiator - HHH000026: Second-level cache disabled
2025-07-29 17:30:46 [JavaFX Application Thread] INFO  org.hibernate.engine.jdbc.connections.internal.ConnectionProviderInitiator - HHH000130: Instantiating explicit connection provider: com.zaxxer.hikari.hibernate.HikariConnectionProvider
2025-07-29 17:30:46 [JavaFX Application Thread] WARN  org.hibernate.dialect.Dialect - HHH000511: The 5.5.5 version for [org.hibernate.dialect.MySQLDialect] is no longer supported, hence certain features may not work properly. The minimum supported version is 8.0.0. Check the community dialects project for available legacy versions.
2025-07-29 17:30:46 [JavaFX Application Thread] INFO  org.hibernate.orm.connections.pooling - HHH10001005: Database info:
	Database JDBC URL [undefined/unknown]
	Database driver: undefined/unknown
	Database version: 5.5.5
	Autocommit mode: undefined/unknown
	Isolation level: undefined/unknown
	Minimum pool size: undefined/unknown
	Maximum pool size: undefined/unknown
2025-07-29 17:30:46 [JavaFX Application Thread] INFO  org.hibernate.engine.transaction.jta.platform.internal.JtaPlatformInitiator - HHH000489: No JTA platform available (set 'hibernate.transaction.jta.platform' to enable JTA platform integration)
2025-07-29 17:30:47 [JavaFX Application Thread] INFO  org.hibernate.jpa.internal.util.LogHelper - HHH000204: Processing PersistenceUnitInfo [name: pasteleriaPU]
2025-07-29 17:30:47 [JavaFX Application Thread] INFO  org.hibernate.cache.internal.RegionFactoryInitiator - HHH000026: Second-level cache disabled
2025-07-29 17:30:47 [JavaFX Application Thread] INFO  org.hibernate.engine.jdbc.connections.internal.ConnectionProviderInitiator - HHH000130: Instantiating explicit connection provider: com.zaxxer.hikari.hibernate.HikariConnectionProvider
2025-07-29 17:30:47 [JavaFX Application Thread] WARN  org.hibernate.dialect.Dialect - HHH000511: The 5.5.5 version for [org.hibernate.dialect.MySQLDialect] is no longer supported, hence certain features may not work properly. The minimum supported version is 8.0.0. Check the community dialects project for available legacy versions.
2025-07-29 17:30:47 [JavaFX Application Thread] INFO  org.hibernate.orm.connections.pooling - HHH10001005: Database info:
	Database JDBC URL [undefined/unknown]
	Database driver: undefined/unknown
	Database version: 5.5.5
	Autocommit mode: undefined/unknown
	Isolation level: undefined/unknown
	Minimum pool size: undefined/unknown
	Maximum pool size: undefined/unknown
2025-07-29 17:30:48 [JavaFX Application Thread] INFO  org.hibernate.engine.transaction.jta.platform.internal.JtaPlatformInitiator - HHH000489: No JTA platform available (set 'hibernate.transaction.jta.platform' to enable JTA platform integration)
2025-07-29 17:30:48 [JavaFX Application Thread] INFO  org.hibernate.jpa.internal.util.LogHelper - HHH000204: Processing PersistenceUnitInfo [name: pasteleriaPU]
2025-07-29 17:30:48 [JavaFX Application Thread] INFO  org.hibernate.cache.internal.RegionFactoryInitiator - HHH000026: Second-level cache disabled
2025-07-29 17:30:48 [JavaFX Application Thread] INFO  org.hibernate.engine.jdbc.connections.internal.ConnectionProviderInitiator - HHH000130: Instantiating explicit connection provider: com.zaxxer.hikari.hibernate.HikariConnectionProvider
2025-07-29 17:30:48 [JavaFX Application Thread] WARN  org.hibernate.dialect.Dialect - HHH000511: The 5.5.5 version for [org.hibernate.dialect.MySQLDialect] is no longer supported, hence certain features may not work properly. The minimum supported version is 8.0.0. Check the community dialects project for available legacy versions.
2025-07-29 17:30:48 [JavaFX Application Thread] INFO  org.hibernate.orm.connections.pooling - HHH10001005: Database info:
	Database JDBC URL [undefined/unknown]
	Database driver: undefined/unknown
	Database version: 5.5.5
	Autocommit mode: undefined/unknown
	Isolation level: undefined/unknown
	Minimum pool size: undefined/unknown
	Maximum pool size: undefined/unknown
2025-07-29 17:30:48 [JavaFX Application Thread] INFO  org.hibernate.engine.transaction.jta.platform.internal.JtaPlatformInitiator - HHH000489: No JTA platform available (set 'hibernate.transaction.jta.platform' to enable JTA platform integration)
2025-07-29 17:30:54 [JavaFX Application Thread] INFO  org.hibernate.jpa.internal.util.LogHelper - HHH000204: Processing PersistenceUnitInfo [name: pasteleriaPU]
2025-07-29 17:30:54 [JavaFX Application Thread] INFO  org.hibernate.cache.internal.RegionFactoryInitiator - HHH000026: Second-level cache disabled
2025-07-29 17:30:54 [JavaFX Application Thread] INFO  org.hibernate.engine.jdbc.connections.internal.ConnectionProviderInitiator - HHH000130: Instantiating explicit connection provider: com.zaxxer.hikari.hibernate.HikariConnectionProvider
2025-07-29 17:30:54 [JavaFX Application Thread] WARN  org.hibernate.dialect.Dialect - HHH000511: The 5.5.5 version for [org.hibernate.dialect.MySQLDialect] is no longer supported, hence certain features may not work properly. The minimum supported version is 8.0.0. Check the community dialects project for available legacy versions.
2025-07-29 17:30:54 [JavaFX Application Thread] INFO  org.hibernate.orm.connections.pooling - HHH10001005: Database info:
	Database JDBC URL [undefined/unknown]
	Database driver: undefined/unknown
	Database version: 5.5.5
	Autocommit mode: undefined/unknown
	Isolation level: undefined/unknown
	Minimum pool size: undefined/unknown
	Maximum pool size: undefined/unknown
2025-07-29 17:30:54 [JavaFX Application Thread] INFO  org.hibernate.engine.transaction.jta.platform.internal.JtaPlatformInitiator - HHH000489: No JTA platform available (set 'hibernate.transaction.jta.platform' to enable JTA platform integration)
2025-07-29 17:40:51 [main] INFO  org.hibernate.jpa.internal.util.LogHelper - HHH000204: Processing PersistenceUnitInfo [name: pasteleriaPU]
2025-07-29 17:40:51 [main] INFO  org.hibernate.Version - HHH000412: Hibernate ORM core version 6.6.3.Final
2025-07-29 17:40:51 [main] INFO  org.hibernate.cache.internal.RegionFactoryInitiator - HHH000026: Second-level cache disabled
2025-07-29 17:40:51 [main] INFO  org.hibernate.engine.jdbc.connections.internal.ConnectionProviderInitiator - HHH000130: Instantiating explicit connection provider: com.zaxxer.hikari.hibernate.HikariConnectionProvider
2025-07-29 17:40:51 [main] WARN  org.hibernate.dialect.Dialect - HHH000511: The 5.5.5 version for [org.hibernate.dialect.MySQLDialect] is no longer supported, hence certain features may not work properly. The minimum supported version is 8.0.0. Check the community dialects project for available legacy versions.
2025-07-29 17:40:51 [main] INFO  org.hibernate.orm.connections.pooling - HHH10001005: Database info:
	Database JDBC URL [undefined/unknown]
	Database driver: undefined/unknown
	Database version: 5.5.5
	Autocommit mode: undefined/unknown
	Isolation level: undefined/unknown
	Minimum pool size: undefined/unknown
	Maximum pool size: undefined/unknown
2025-07-29 17:40:53 [main] INFO  org.hibernate.engine.transaction.jta.platform.internal.JtaPlatformInitiator - HHH000489: No JTA platform available (set 'hibernate.transaction.jta.platform' to enable JTA platform integration)
2025-07-29 17:41:12 [JavaFX Application Thread] INFO  org.hibernate.jpa.internal.util.LogHelper - HHH000204: Processing PersistenceUnitInfo [name: pasteleriaPU]
2025-07-29 17:41:12 [JavaFX Application Thread] INFO  org.hibernate.cache.internal.RegionFactoryInitiator - HHH000026: Second-level cache disabled
2025-07-29 17:41:12 [JavaFX Application Thread] INFO  org.hibernate.engine.jdbc.connections.internal.ConnectionProviderInitiator - HHH000130: Instantiating explicit connection provider: com.zaxxer.hikari.hibernate.HikariConnectionProvider
2025-07-29 17:41:12 [JavaFX Application Thread] WARN  org.hibernate.dialect.Dialect - HHH000511: The 5.5.5 version for [org.hibernate.dialect.MySQLDialect] is no longer supported, hence certain features may not work properly. The minimum supported version is 8.0.0. Check the community dialects project for available legacy versions.
2025-07-29 17:41:12 [JavaFX Application Thread] INFO  org.hibernate.orm.connections.pooling - HHH10001005: Database info:
	Database JDBC URL [undefined/unknown]
	Database driver: undefined/unknown
	Database version: 5.5.5
	Autocommit mode: undefined/unknown
	Isolation level: undefined/unknown
	Minimum pool size: undefined/unknown
	Maximum pool size: undefined/unknown
2025-07-29 17:41:13 [JavaFX Application Thread] INFO  org.hibernate.engine.transaction.jta.platform.internal.JtaPlatformInitiator - HHH000489: No JTA platform available (set 'hibernate.transaction.jta.platform' to enable JTA platform integration)
2025-07-29 17:41:13 [JavaFX Application Thread] INFO  org.hibernate.jpa.internal.util.LogHelper - HHH000204: Processing PersistenceUnitInfo [name: pasteleriaPU]
2025-07-29 17:41:13 [JavaFX Application Thread] INFO  org.hibernate.cache.internal.RegionFactoryInitiator - HHH000026: Second-level cache disabled
2025-07-29 17:41:14 [JavaFX Application Thread] INFO  org.hibernate.engine.jdbc.connections.internal.ConnectionProviderInitiator - HHH000130: Instantiating explicit connection provider: com.zaxxer.hikari.hibernate.HikariConnectionProvider
2025-07-29 17:41:14 [JavaFX Application Thread] WARN  org.hibernate.dialect.Dialect - HHH000511: The 5.5.5 version for [org.hibernate.dialect.MySQLDialect] is no longer supported, hence certain features may not work properly. The minimum supported version is 8.0.0. Check the community dialects project for available legacy versions.
2025-07-29 17:41:14 [JavaFX Application Thread] INFO  org.hibernate.orm.connections.pooling - HHH10001005: Database info:
	Database JDBC URL [undefined/unknown]
	Database driver: undefined/unknown
	Database version: 5.5.5
	Autocommit mode: undefined/unknown
	Isolation level: undefined/unknown
	Minimum pool size: undefined/unknown
	Maximum pool size: undefined/unknown
2025-07-29 17:41:14 [JavaFX Application Thread] INFO  org.hibernate.engine.transaction.jta.platform.internal.JtaPlatformInitiator - HHH000489: No JTA platform available (set 'hibernate.transaction.jta.platform' to enable JTA platform integration)
2025-07-29 17:41:14 [JavaFX Application Thread] INFO  org.hibernate.jpa.internal.util.LogHelper - HHH000204: Processing PersistenceUnitInfo [name: pasteleriaPU]
2025-07-29 17:41:14 [JavaFX Application Thread] INFO  org.hibernate.cache.internal.RegionFactoryInitiator - HHH000026: Second-level cache disabled
2025-07-29 17:41:14 [JavaFX Application Thread] INFO  org.hibernate.engine.jdbc.connections.internal.ConnectionProviderInitiator - HHH000130: Instantiating explicit connection provider: com.zaxxer.hikari.hibernate.HikariConnectionProvider
2025-07-29 17:41:14 [JavaFX Application Thread] WARN  org.hibernate.dialect.Dialect - HHH000511: The 5.5.5 version for [org.hibernate.dialect.MySQLDialect] is no longer supported, hence certain features may not work properly. The minimum supported version is 8.0.0. Check the community dialects project for available legacy versions.
2025-07-29 17:41:14 [JavaFX Application Thread] INFO  org.hibernate.orm.connections.pooling - HHH10001005: Database info:
	Database JDBC URL [undefined/unknown]
	Database driver: undefined/unknown
	Database version: 5.5.5
	Autocommit mode: undefined/unknown
	Isolation level: undefined/unknown
	Minimum pool size: undefined/unknown
	Maximum pool size: undefined/unknown
2025-07-29 17:41:15 [JavaFX Application Thread] INFO  org.hibernate.engine.transaction.jta.platform.internal.JtaPlatformInitiator - HHH000489: No JTA platform available (set 'hibernate.transaction.jta.platform' to enable JTA platform integration)
2025-07-29 17:41:19 [JavaFX Application Thread] INFO  org.hibernate.jpa.internal.util.LogHelper - HHH000204: Processing PersistenceUnitInfo [name: pasteleriaPU]
2025-07-29 17:41:19 [JavaFX Application Thread] INFO  org.hibernate.cache.internal.RegionFactoryInitiator - HHH000026: Second-level cache disabled
2025-07-29 17:41:19 [JavaFX Application Thread] INFO  org.hibernate.engine.jdbc.connections.internal.ConnectionProviderInitiator - HHH000130: Instantiating explicit connection provider: com.zaxxer.hikari.hibernate.HikariConnectionProvider
2025-07-29 17:41:19 [JavaFX Application Thread] WARN  org.hibernate.dialect.Dialect - HHH000511: The 5.5.5 version for [org.hibernate.dialect.MySQLDialect] is no longer supported, hence certain features may not work properly. The minimum supported version is 8.0.0. Check the community dialects project for available legacy versions.
2025-07-29 17:41:19 [JavaFX Application Thread] INFO  org.hibernate.orm.connections.pooling - HHH10001005: Database info:
	Database JDBC URL [undefined/unknown]
	Database driver: undefined/unknown
	Database version: 5.5.5
	Autocommit mode: undefined/unknown
	Isolation level: undefined/unknown
	Minimum pool size: undefined/unknown
	Maximum pool size: undefined/unknown
2025-07-29 17:41:19 [JavaFX Application Thread] INFO  org.hibernate.engine.transaction.jta.platform.internal.JtaPlatformInitiator - HHH000489: No JTA platform available (set 'hibernate.transaction.jta.platform' to enable JTA platform integration)
2025-07-29 17:42:46 [main] INFO  org.hibernate.jpa.internal.util.LogHelper - HHH000204: Processing PersistenceUnitInfo [name: pasteleriaPU]
2025-07-29 17:42:46 [main] INFO  org.hibernate.Version - HHH000412: Hibernate ORM core version 6.6.3.Final
2025-07-29 17:42:46 [main] INFO  org.hibernate.cache.internal.RegionFactoryInitiator - HHH000026: Second-level cache disabled
2025-07-29 17:42:47 [main] INFO  org.hibernate.engine.jdbc.connections.internal.ConnectionProviderInitiator - HHH000130: Instantiating explicit connection provider: com.zaxxer.hikari.hibernate.HikariConnectionProvider
2025-07-29 17:42:47 [main] WARN  org.hibernate.dialect.Dialect - HHH000511: The 5.5.5 version for [org.hibernate.dialect.MySQLDialect] is no longer supported, hence certain features may not work properly. The minimum supported version is 8.0.0. Check the community dialects project for available legacy versions.
2025-07-29 17:42:47 [main] INFO  org.hibernate.orm.connections.pooling - HHH10001005: Database info:
	Database JDBC URL [undefined/unknown]
	Database driver: undefined/unknown
	Database version: 5.5.5
	Autocommit mode: undefined/unknown
	Isolation level: undefined/unknown
	Minimum pool size: undefined/unknown
	Maximum pool size: undefined/unknown
2025-07-29 17:42:49 [main] INFO  org.hibernate.engine.transaction.jta.platform.internal.JtaPlatformInitiator - HHH000489: No JTA platform available (set 'hibernate.transaction.jta.platform' to enable JTA platform integration)
2025-07-29 17:43:05 [JavaFX Application Thread] INFO  org.hibernate.jpa.internal.util.LogHelper - HHH000204: Processing PersistenceUnitInfo [name: pasteleriaPU]
2025-07-29 17:43:05 [JavaFX Application Thread] INFO  org.hibernate.cache.internal.RegionFactoryInitiator - HHH000026: Second-level cache disabled
2025-07-29 17:43:06 [JavaFX Application Thread] INFO  org.hibernate.engine.jdbc.connections.internal.ConnectionProviderInitiator - HHH000130: Instantiating explicit connection provider: com.zaxxer.hikari.hibernate.HikariConnectionProvider
2025-07-29 17:43:06 [JavaFX Application Thread] WARN  org.hibernate.dialect.Dialect - HHH000511: The 5.5.5 version for [org.hibernate.dialect.MySQLDialect] is no longer supported, hence certain features may not work properly. The minimum supported version is 8.0.0. Check the community dialects project for available legacy versions.
2025-07-29 17:43:06 [JavaFX Application Thread] INFO  org.hibernate.orm.connections.pooling - HHH10001005: Database info:
	Database JDBC URL [undefined/unknown]
	Database driver: undefined/unknown
	Database version: 5.5.5
	Autocommit mode: undefined/unknown
	Isolation level: undefined/unknown
	Minimum pool size: undefined/unknown
	Maximum pool size: undefined/unknown
2025-07-29 17:43:06 [JavaFX Application Thread] INFO  org.hibernate.engine.transaction.jta.platform.internal.JtaPlatformInitiator - HHH000489: No JTA platform available (set 'hibernate.transaction.jta.platform' to enable JTA platform integration)
2025-07-29 17:43:08 [JavaFX Application Thread] INFO  org.hibernate.jpa.internal.util.LogHelper - HHH000204: Processing PersistenceUnitInfo [name: pasteleriaPU]
2025-07-29 17:43:08 [JavaFX Application Thread] INFO  org.hibernate.cache.internal.RegionFactoryInitiator - HHH000026: Second-level cache disabled
2025-07-29 17:43:08 [JavaFX Application Thread] INFO  org.hibernate.engine.jdbc.connections.internal.ConnectionProviderInitiator - HHH000130: Instantiating explicit connection provider: com.zaxxer.hikari.hibernate.HikariConnectionProvider
2025-07-29 17:43:08 [JavaFX Application Thread] WARN  org.hibernate.dialect.Dialect - HHH000511: The 5.5.5 version for [org.hibernate.dialect.MySQLDialect] is no longer supported, hence certain features may not work properly. The minimum supported version is 8.0.0. Check the community dialects project for available legacy versions.
2025-07-29 17:43:08 [JavaFX Application Thread] INFO  org.hibernate.orm.connections.pooling - HHH10001005: Database info:
	Database JDBC URL [undefined/unknown]
	Database driver: undefined/unknown
	Database version: 5.5.5
	Autocommit mode: undefined/unknown
	Isolation level: undefined/unknown
	Minimum pool size: undefined/unknown
	Maximum pool size: undefined/unknown
2025-07-29 17:43:09 [JavaFX Application Thread] INFO  org.hibernate.engine.transaction.jta.platform.internal.JtaPlatformInitiator - HHH000489: No JTA platform available (set 'hibernate.transaction.jta.platform' to enable JTA platform integration)
2025-07-29 17:43:10 [JavaFX Application Thread] INFO  org.hibernate.jpa.internal.util.LogHelper - HHH000204: Processing PersistenceUnitInfo [name: pasteleriaPU]
2025-07-29 17:43:10 [JavaFX Application Thread] INFO  org.hibernate.cache.internal.RegionFactoryInitiator - HHH000026: Second-level cache disabled
2025-07-29 17:43:10 [JavaFX Application Thread] INFO  org.hibernate.engine.jdbc.connections.internal.ConnectionProviderInitiator - HHH000130: Instantiating explicit connection provider: com.zaxxer.hikari.hibernate.HikariConnectionProvider
2025-07-29 17:43:10 [JavaFX Application Thread] WARN  org.hibernate.dialect.Dialect - HHH000511: The 5.5.5 version for [org.hibernate.dialect.MySQLDialect] is no longer supported, hence certain features may not work properly. The minimum supported version is 8.0.0. Check the community dialects project for available legacy versions.
2025-07-29 17:43:10 [JavaFX Application Thread] INFO  org.hibernate.orm.connections.pooling - HHH10001005: Database info:
	Database JDBC URL [undefined/unknown]
	Database driver: undefined/unknown
	Database version: 5.5.5
	Autocommit mode: undefined/unknown
	Isolation level: undefined/unknown
	Minimum pool size: undefined/unknown
	Maximum pool size: undefined/unknown
2025-07-29 17:43:11 [JavaFX Application Thread] INFO  org.hibernate.engine.transaction.jta.platform.internal.JtaPlatformInitiator - HHH000489: No JTA platform available (set 'hibernate.transaction.jta.platform' to enable JTA platform integration)
2025-07-29 17:43:29 [JavaFX Application Thread] INFO  org.hibernate.jpa.internal.util.LogHelper - HHH000204: Processing PersistenceUnitInfo [name: pasteleriaPU]
2025-07-29 17:43:29 [JavaFX Application Thread] INFO  org.hibernate.cache.internal.RegionFactoryInitiator - HHH000026: Second-level cache disabled
2025-07-29 17:43:29 [JavaFX Application Thread] INFO  org.hibernate.engine.jdbc.connections.internal.ConnectionProviderInitiator - HHH000130: Instantiating explicit connection provider: com.zaxxer.hikari.hibernate.HikariConnectionProvider
2025-07-29 17:43:29 [JavaFX Application Thread] WARN  org.hibernate.dialect.Dialect - HHH000511: The 5.5.5 version for [org.hibernate.dialect.MySQLDialect] is no longer supported, hence certain features may not work properly. The minimum supported version is 8.0.0. Check the community dialects project for available legacy versions.
2025-07-29 17:43:29 [JavaFX Application Thread] INFO  org.hibernate.orm.connections.pooling - HHH10001005: Database info:
	Database JDBC URL [undefined/unknown]
	Database driver: undefined/unknown
	Database version: 5.5.5
	Autocommit mode: undefined/unknown
	Isolation level: undefined/unknown
	Minimum pool size: undefined/unknown
	Maximum pool size: undefined/unknown
2025-07-29 17:43:29 [JavaFX Application Thread] INFO  org.hibernate.engine.transaction.jta.platform.internal.JtaPlatformInitiator - HHH000489: No JTA platform available (set 'hibernate.transaction.jta.platform' to enable JTA platform integration)
2025-07-29 17:49:01 [main] INFO  org.hibernate.jpa.internal.util.LogHelper - HHH000204: Processing PersistenceUnitInfo [name: pasteleriaPU]
2025-07-29 17:49:01 [main] INFO  org.hibernate.Version - HHH000412: Hibernate ORM core version 6.6.3.Final
2025-07-29 17:49:01 [main] INFO  org.hibernate.cache.internal.RegionFactoryInitiator - HHH000026: Second-level cache disabled
2025-07-29 17:49:01 [main] INFO  org.hibernate.engine.jdbc.connections.internal.ConnectionProviderInitiator - HHH000130: Instantiating explicit connection provider: com.zaxxer.hikari.hibernate.HikariConnectionProvider
2025-07-29 17:49:02 [main] WARN  org.hibernate.dialect.Dialect - HHH000511: The 5.5.5 version for [org.hibernate.dialect.MySQLDialect] is no longer supported, hence certain features may not work properly. The minimum supported version is 8.0.0. Check the community dialects project for available legacy versions.
2025-07-29 17:49:02 [main] INFO  org.hibernate.orm.connections.pooling - HHH10001005: Database info:
	Database JDBC URL [undefined/unknown]
	Database driver: undefined/unknown
	Database version: 5.5.5
	Autocommit mode: undefined/unknown
	Isolation level: undefined/unknown
	Minimum pool size: undefined/unknown
	Maximum pool size: undefined/unknown
2025-07-29 17:49:03 [main] INFO  org.hibernate.engine.transaction.jta.platform.internal.JtaPlatformInitiator - HHH000489: No JTA platform available (set 'hibernate.transaction.jta.platform' to enable JTA platform integration)
2025-07-29 17:49:32 [JavaFX Application Thread] INFO  org.hibernate.jpa.internal.util.LogHelper - HHH000204: Processing PersistenceUnitInfo [name: pasteleriaPU]
2025-07-29 17:49:32 [JavaFX Application Thread] INFO  org.hibernate.cache.internal.RegionFactoryInitiator - HHH000026: Second-level cache disabled
2025-07-29 17:49:32 [JavaFX Application Thread] INFO  org.hibernate.engine.jdbc.connections.internal.ConnectionProviderInitiator - HHH000130: Instantiating explicit connection provider: com.zaxxer.hikari.hibernate.HikariConnectionProvider
2025-07-29 17:49:32 [JavaFX Application Thread] WARN  org.hibernate.dialect.Dialect - HHH000511: The 5.5.5 version for [org.hibernate.dialect.MySQLDialect] is no longer supported, hence certain features may not work properly. The minimum supported version is 8.0.0. Check the community dialects project for available legacy versions.
2025-07-29 17:49:32 [JavaFX Application Thread] INFO  org.hibernate.orm.connections.pooling - HHH10001005: Database info:
	Database JDBC URL [undefined/unknown]
	Database driver: undefined/unknown
	Database version: 5.5.5
	Autocommit mode: undefined/unknown
	Isolation level: undefined/unknown
	Minimum pool size: undefined/unknown
	Maximum pool size: undefined/unknown
2025-07-29 17:49:32 [JavaFX Application Thread] INFO  org.hibernate.engine.transaction.jta.platform.internal.JtaPlatformInitiator - HHH000489: No JTA platform available (set 'hibernate.transaction.jta.platform' to enable JTA platform integration)
2025-07-29 17:49:33 [JavaFX Application Thread] INFO  org.hibernate.jpa.internal.util.LogHelper - HHH000204: Processing PersistenceUnitInfo [name: pasteleriaPU]
2025-07-29 17:49:33 [JavaFX Application Thread] INFO  org.hibernate.cache.internal.RegionFactoryInitiator - HHH000026: Second-level cache disabled
2025-07-29 17:49:33 [JavaFX Application Thread] INFO  org.hibernate.engine.jdbc.connections.internal.ConnectionProviderInitiator - HHH000130: Instantiating explicit connection provider: com.zaxxer.hikari.hibernate.HikariConnectionProvider
2025-07-29 17:49:33 [JavaFX Application Thread] WARN  org.hibernate.dialect.Dialect - HHH000511: The 5.5.5 version for [org.hibernate.dialect.MySQLDialect] is no longer supported, hence certain features may not work properly. The minimum supported version is 8.0.0. Check the community dialects project for available legacy versions.
2025-07-29 17:49:33 [JavaFX Application Thread] INFO  org.hibernate.orm.connections.pooling - HHH10001005: Database info:
	Database JDBC URL [undefined/unknown]
	Database driver: undefined/unknown
	Database version: 5.5.5
	Autocommit mode: undefined/unknown
	Isolation level: undefined/unknown
	Minimum pool size: undefined/unknown
	Maximum pool size: undefined/unknown
2025-07-29 17:49:33 [JavaFX Application Thread] INFO  org.hibernate.engine.transaction.jta.platform.internal.JtaPlatformInitiator - HHH000489: No JTA platform available (set 'hibernate.transaction.jta.platform' to enable JTA platform integration)
2025-07-29 17:49:33 [JavaFX Application Thread] INFO  org.hibernate.jpa.internal.util.LogHelper - HHH000204: Processing PersistenceUnitInfo [name: pasteleriaPU]
2025-07-29 17:49:33 [JavaFX Application Thread] INFO  org.hibernate.cache.internal.RegionFactoryInitiator - HHH000026: Second-level cache disabled
2025-07-29 17:49:34 [JavaFX Application Thread] INFO  org.hibernate.engine.jdbc.connections.internal.ConnectionProviderInitiator - HHH000130: Instantiating explicit connection provider: com.zaxxer.hikari.hibernate.HikariConnectionProvider
2025-07-29 17:49:34 [JavaFX Application Thread] WARN  org.hibernate.dialect.Dialect - HHH000511: The 5.5.5 version for [org.hibernate.dialect.MySQLDialect] is no longer supported, hence certain features may not work properly. The minimum supported version is 8.0.0. Check the community dialects project for available legacy versions.
2025-07-29 17:49:34 [JavaFX Application Thread] INFO  org.hibernate.orm.connections.pooling - HHH10001005: Database info:
	Database JDBC URL [undefined/unknown]
	Database driver: undefined/unknown
	Database version: 5.5.5
	Autocommit mode: undefined/unknown
	Isolation level: undefined/unknown
	Minimum pool size: undefined/unknown
	Maximum pool size: undefined/unknown
2025-07-29 17:49:34 [JavaFX Application Thread] INFO  org.hibernate.engine.transaction.jta.platform.internal.JtaPlatformInitiator - HHH000489: No JTA platform available (set 'hibernate.transaction.jta.platform' to enable JTA platform integration)
2025-07-29 17:49:38 [JavaFX Application Thread] INFO  org.hibernate.jpa.internal.util.LogHelper - HHH000204: Processing PersistenceUnitInfo [name: pasteleriaPU]
2025-07-29 17:49:38 [JavaFX Application Thread] INFO  org.hibernate.cache.internal.RegionFactoryInitiator - HHH000026: Second-level cache disabled
2025-07-29 17:49:38 [JavaFX Application Thread] INFO  org.hibernate.engine.jdbc.connections.internal.ConnectionProviderInitiator - HHH000130: Instantiating explicit connection provider: com.zaxxer.hikari.hibernate.HikariConnectionProvider
2025-07-29 17:49:38 [JavaFX Application Thread] WARN  org.hibernate.dialect.Dialect - HHH000511: The 5.5.5 version for [org.hibernate.dialect.MySQLDialect] is no longer supported, hence certain features may not work properly. The minimum supported version is 8.0.0. Check the community dialects project for available legacy versions.
2025-07-29 17:49:38 [JavaFX Application Thread] INFO  org.hibernate.orm.connections.pooling - HHH10001005: Database info:
	Database JDBC URL [undefined/unknown]
	Database driver: undefined/unknown
	Database version: 5.5.5
	Autocommit mode: undefined/unknown
	Isolation level: undefined/unknown
	Minimum pool size: undefined/unknown
	Maximum pool size: undefined/unknown
2025-07-29 17:49:39 [JavaFX Application Thread] INFO  org.hibernate.engine.transaction.jta.platform.internal.JtaPlatformInitiator - HHH000489: No JTA platform available (set 'hibernate.transaction.jta.platform' to enable JTA platform integration)
2025-07-29 17:57:40 [JavaFX Application Thread] INFO  org.hibernate.jpa.internal.util.LogHelper - HHH000204: Processing PersistenceUnitInfo [name: pasteleriaPU]
2025-07-29 17:57:40 [JavaFX Application Thread] INFO  org.hibernate.cache.internal.RegionFactoryInitiator - HHH000026: Second-level cache disabled
2025-07-29 17:57:40 [JavaFX Application Thread] INFO  org.hibernate.engine.jdbc.connections.internal.ConnectionProviderInitiator - HHH000130: Instantiating explicit connection provider: com.zaxxer.hikari.hibernate.HikariConnectionProvider
2025-07-29 17:57:40 [JavaFX Application Thread] WARN  org.hibernate.dialect.Dialect - HHH000511: The 5.5.5 version for [org.hibernate.dialect.MySQLDialect] is no longer supported, hence certain features may not work properly. The minimum supported version is 8.0.0. Check the community dialects project for available legacy versions.
2025-07-29 17:57:40 [JavaFX Application Thread] INFO  org.hibernate.orm.connections.pooling - HHH10001005: Database info:
	Database JDBC URL [undefined/unknown]
	Database driver: undefined/unknown
	Database version: 5.5.5
	Autocommit mode: undefined/unknown
	Isolation level: undefined/unknown
	Minimum pool size: undefined/unknown
	Maximum pool size: undefined/unknown
2025-07-29 17:57:40 [JavaFX Application Thread] INFO  org.hibernate.engine.transaction.jta.platform.internal.JtaPlatformInitiator - HHH000489: No JTA platform available (set 'hibernate.transaction.jta.platform' to enable JTA platform integration)
2025-07-29 18:03:23 [main] INFO  org.hibernate.jpa.internal.util.LogHelper - HHH000204: Processing PersistenceUnitInfo [name: pasteleriaPU]
2025-07-29 18:03:23 [main] INFO  org.hibernate.Version - HHH000412: Hibernate ORM core version 6.6.3.Final
2025-07-29 18:03:23 [main] INFO  org.hibernate.cache.internal.RegionFactoryInitiator - HHH000026: Second-level cache disabled
2025-07-29 18:03:24 [main] INFO  org.hibernate.engine.jdbc.connections.internal.ConnectionProviderInitiator - HHH000130: Instantiating explicit connection provider: com.zaxxer.hikari.hibernate.HikariConnectionProvider
2025-07-29 18:03:24 [main] WARN  org.hibernate.dialect.Dialect - HHH000511: The 5.5.5 version for [org.hibernate.dialect.MySQLDialect] is no longer supported, hence certain features may not work properly. The minimum supported version is 8.0.0. Check the community dialects project for available legacy versions.
2025-07-29 18:03:24 [main] INFO  org.hibernate.orm.connections.pooling - HHH10001005: Database info:
	Database JDBC URL [undefined/unknown]
	Database driver: undefined/unknown
	Database version: 5.5.5
	Autocommit mode: undefined/unknown
	Isolation level: undefined/unknown
	Minimum pool size: undefined/unknown
	Maximum pool size: undefined/unknown
2025-07-29 18:03:26 [main] INFO  org.hibernate.engine.transaction.jta.platform.internal.JtaPlatformInitiator - HHH000489: No JTA platform available (set 'hibernate.transaction.jta.platform' to enable JTA platform integration)
2025-07-29 18:03:35 [JavaFX Application Thread] INFO  org.hibernate.jpa.internal.util.LogHelper - HHH000204: Processing PersistenceUnitInfo [name: pasteleriaPU]
2025-07-29 18:03:35 [JavaFX Application Thread] INFO  org.hibernate.cache.internal.RegionFactoryInitiator - HHH000026: Second-level cache disabled
2025-07-29 18:03:35 [JavaFX Application Thread] INFO  org.hibernate.engine.jdbc.connections.internal.ConnectionProviderInitiator - HHH000130: Instantiating explicit connection provider: com.zaxxer.hikari.hibernate.HikariConnectionProvider
2025-07-29 18:03:35 [JavaFX Application Thread] WARN  org.hibernate.dialect.Dialect - HHH000511: The 5.5.5 version for [org.hibernate.dialect.MySQLDialect] is no longer supported, hence certain features may not work properly. The minimum supported version is 8.0.0. Check the community dialects project for available legacy versions.
2025-07-29 18:03:35 [JavaFX Application Thread] INFO  org.hibernate.orm.connections.pooling - HHH10001005: Database info:
	Database JDBC URL [undefined/unknown]
	Database driver: undefined/unknown
	Database version: 5.5.5
	Autocommit mode: undefined/unknown
	Isolation level: undefined/unknown
	Minimum pool size: undefined/unknown
	Maximum pool size: undefined/unknown
2025-07-29 18:03:35 [JavaFX Application Thread] INFO  org.hibernate.engine.transaction.jta.platform.internal.JtaPlatformInitiator - HHH000489: No JTA platform available (set 'hibernate.transaction.jta.platform' to enable JTA platform integration)
2025-07-29 18:03:36 [JavaFX Application Thread] INFO  org.hibernate.jpa.internal.util.LogHelper - HHH000204: Processing PersistenceUnitInfo [name: pasteleriaPU]
2025-07-29 18:03:36 [JavaFX Application Thread] INFO  org.hibernate.cache.internal.RegionFactoryInitiator - HHH000026: Second-level cache disabled
2025-07-29 18:03:36 [JavaFX Application Thread] INFO  org.hibernate.engine.jdbc.connections.internal.ConnectionProviderInitiator - HHH000130: Instantiating explicit connection provider: com.zaxxer.hikari.hibernate.HikariConnectionProvider
2025-07-29 18:03:36 [JavaFX Application Thread] WARN  org.hibernate.dialect.Dialect - HHH000511: The 5.5.5 version for [org.hibernate.dialect.MySQLDialect] is no longer supported, hence certain features may not work properly. The minimum supported version is 8.0.0. Check the community dialects project for available legacy versions.
2025-07-29 18:03:36 [JavaFX Application Thread] INFO  org.hibernate.orm.connections.pooling - HHH10001005: Database info:
	Database JDBC URL [undefined/unknown]
	Database driver: undefined/unknown
	Database version: 5.5.5
	Autocommit mode: undefined/unknown
	Isolation level: undefined/unknown
	Minimum pool size: undefined/unknown
	Maximum pool size: undefined/unknown
2025-07-29 18:03:36 [JavaFX Application Thread] INFO  org.hibernate.engine.transaction.jta.platform.internal.JtaPlatformInitiator - HHH000489: No JTA platform available (set 'hibernate.transaction.jta.platform' to enable JTA platform integration)
2025-07-29 18:03:36 [JavaFX Application Thread] INFO  org.hibernate.jpa.internal.util.LogHelper - HHH000204: Processing PersistenceUnitInfo [name: pasteleriaPU]
2025-07-29 18:03:36 [JavaFX Application Thread] INFO  org.hibernate.cache.internal.RegionFactoryInitiator - HHH000026: Second-level cache disabled
2025-07-29 18:03:36 [JavaFX Application Thread] INFO  org.hibernate.engine.jdbc.connections.internal.ConnectionProviderInitiator - HHH000130: Instantiating explicit connection provider: com.zaxxer.hikari.hibernate.HikariConnectionProvider
2025-07-29 18:03:36 [JavaFX Application Thread] WARN  org.hibernate.dialect.Dialect - HHH000511: The 5.5.5 version for [org.hibernate.dialect.MySQLDialect] is no longer supported, hence certain features may not work properly. The minimum supported version is 8.0.0. Check the community dialects project for available legacy versions.
2025-07-29 18:03:36 [JavaFX Application Thread] INFO  org.hibernate.orm.connections.pooling - HHH10001005: Database info:
	Database JDBC URL [undefined/unknown]
	Database driver: undefined/unknown
	Database version: 5.5.5
	Autocommit mode: undefined/unknown
	Isolation level: undefined/unknown
	Minimum pool size: undefined/unknown
	Maximum pool size: undefined/unknown
2025-07-29 18:03:37 [JavaFX Application Thread] INFO  org.hibernate.engine.transaction.jta.platform.internal.JtaPlatformInitiator - HHH000489: No JTA platform available (set 'hibernate.transaction.jta.platform' to enable JTA platform integration)
2025-07-29 18:03:38 [JavaFX Application Thread] INFO  org.hibernate.jpa.internal.util.LogHelper - HHH000204: Processing PersistenceUnitInfo [name: pasteleriaPU]
2025-07-29 18:03:38 [JavaFX Application Thread] INFO  org.hibernate.cache.internal.RegionFactoryInitiator - HHH000026: Second-level cache disabled
2025-07-29 18:03:38 [JavaFX Application Thread] INFO  org.hibernate.engine.jdbc.connections.internal.ConnectionProviderInitiator - HHH000130: Instantiating explicit connection provider: com.zaxxer.hikari.hibernate.HikariConnectionProvider
2025-07-29 18:03:38 [JavaFX Application Thread] WARN  org.hibernate.dialect.Dialect - HHH000511: The 5.5.5 version for [org.hibernate.dialect.MySQLDialect] is no longer supported, hence certain features may not work properly. The minimum supported version is 8.0.0. Check the community dialects project for available legacy versions.
2025-07-29 18:03:38 [JavaFX Application Thread] INFO  org.hibernate.orm.connections.pooling - HHH10001005: Database info:
	Database JDBC URL [undefined/unknown]
	Database driver: undefined/unknown
	Database version: 5.5.5
	Autocommit mode: undefined/unknown
	Isolation level: undefined/unknown
	Minimum pool size: undefined/unknown
	Maximum pool size: undefined/unknown
2025-07-29 18:03:38 [JavaFX Application Thread] INFO  org.hibernate.engine.transaction.jta.platform.internal.JtaPlatformInitiator - HHH000489: No JTA platform available (set 'hibernate.transaction.jta.platform' to enable JTA platform integration)
2025-07-29 18:03:58 [JavaFX Application Thread] INFO  org.hibernate.jpa.internal.util.LogHelper - HHH000204: Processing PersistenceUnitInfo [name: pasteleriaPU]
2025-07-29 18:03:58 [JavaFX Application Thread] INFO  org.hibernate.cache.internal.RegionFactoryInitiator - HHH000026: Second-level cache disabled
2025-07-29 18:03:58 [JavaFX Application Thread] INFO  org.hibernate.engine.jdbc.connections.internal.ConnectionProviderInitiator - HHH000130: Instantiating explicit connection provider: com.zaxxer.hikari.hibernate.HikariConnectionProvider
2025-07-29 18:03:58 [JavaFX Application Thread] WARN  org.hibernate.dialect.Dialect - HHH000511: The 5.5.5 version for [org.hibernate.dialect.MySQLDialect] is no longer supported, hence certain features may not work properly. The minimum supported version is 8.0.0. Check the community dialects project for available legacy versions.
2025-07-29 18:03:58 [JavaFX Application Thread] INFO  org.hibernate.orm.connections.pooling - HHH10001005: Database info:
	Database JDBC URL [undefined/unknown]
	Database driver: undefined/unknown
	Database version: 5.5.5
	Autocommit mode: undefined/unknown
	Isolation level: undefined/unknown
	Minimum pool size: undefined/unknown
	Maximum pool size: undefined/unknown
2025-07-29 18:03:59 [JavaFX Application Thread] INFO  org.hibernate.engine.transaction.jta.platform.internal.JtaPlatformInitiator - HHH000489: No JTA platform available (set 'hibernate.transaction.jta.platform' to enable JTA platform integration)
2025-07-29 18:08:11 [main] INFO  org.hibernate.jpa.internal.util.LogHelper - HHH000204: Processing PersistenceUnitInfo [name: pasteleriaPU]
2025-07-29 18:08:11 [main] INFO  org.hibernate.Version - HHH000412: Hibernate ORM core version 6.6.3.Final
2025-07-29 18:08:11 [main] INFO  org.hibernate.cache.internal.RegionFactoryInitiator - HHH000026: Second-level cache disabled
2025-07-29 18:08:12 [main] INFO  org.hibernate.engine.jdbc.connections.internal.ConnectionProviderInitiator - HHH000130: Instantiating explicit connection provider: com.zaxxer.hikari.hibernate.HikariConnectionProvider
2025-07-29 18:08:12 [main] WARN  org.hibernate.dialect.Dialect - HHH000511: The 5.5.5 version for [org.hibernate.dialect.MySQLDialect] is no longer supported, hence certain features may not work properly. The minimum supported version is 8.0.0. Check the community dialects project for available legacy versions.
2025-07-29 18:08:12 [main] INFO  org.hibernate.orm.connections.pooling - HHH10001005: Database info:
	Database JDBC URL [undefined/unknown]
	Database driver: undefined/unknown
	Database version: 5.5.5
	Autocommit mode: undefined/unknown
	Isolation level: undefined/unknown
	Minimum pool size: undefined/unknown
	Maximum pool size: undefined/unknown
2025-07-29 18:08:14 [main] INFO  org.hibernate.engine.transaction.jta.platform.internal.JtaPlatformInitiator - HHH000489: No JTA platform available (set 'hibernate.transaction.jta.platform' to enable JTA platform integration)
2025-07-29 18:08:24 [JavaFX Application Thread] INFO  org.hibernate.jpa.internal.util.LogHelper - HHH000204: Processing PersistenceUnitInfo [name: pasteleriaPU]
2025-07-29 18:08:24 [JavaFX Application Thread] INFO  org.hibernate.cache.internal.RegionFactoryInitiator - HHH000026: Second-level cache disabled
2025-07-29 18:08:24 [JavaFX Application Thread] INFO  org.hibernate.engine.jdbc.connections.internal.ConnectionProviderInitiator - HHH000130: Instantiating explicit connection provider: com.zaxxer.hikari.hibernate.HikariConnectionProvider
2025-07-29 18:08:24 [JavaFX Application Thread] WARN  org.hibernate.dialect.Dialect - HHH000511: The 5.5.5 version for [org.hibernate.dialect.MySQLDialect] is no longer supported, hence certain features may not work properly. The minimum supported version is 8.0.0. Check the community dialects project for available legacy versions.
2025-07-29 18:08:24 [JavaFX Application Thread] INFO  org.hibernate.orm.connections.pooling - HHH10001005: Database info:
	Database JDBC URL [undefined/unknown]
	Database driver: undefined/unknown
	Database version: 5.5.5
	Autocommit mode: undefined/unknown
	Isolation level: undefined/unknown
	Minimum pool size: undefined/unknown
	Maximum pool size: undefined/unknown
2025-07-29 18:08:24 [JavaFX Application Thread] INFO  org.hibernate.engine.transaction.jta.platform.internal.JtaPlatformInitiator - HHH000489: No JTA platform available (set 'hibernate.transaction.jta.platform' to enable JTA platform integration)
2025-07-29 18:08:25 [JavaFX Application Thread] INFO  org.hibernate.jpa.internal.util.LogHelper - HHH000204: Processing PersistenceUnitInfo [name: pasteleriaPU]
2025-07-29 18:08:25 [JavaFX Application Thread] INFO  org.hibernate.cache.internal.RegionFactoryInitiator - HHH000026: Second-level cache disabled
2025-07-29 18:08:25 [JavaFX Application Thread] INFO  org.hibernate.engine.jdbc.connections.internal.ConnectionProviderInitiator - HHH000130: Instantiating explicit connection provider: com.zaxxer.hikari.hibernate.HikariConnectionProvider
2025-07-29 18:08:25 [JavaFX Application Thread] WARN  org.hibernate.dialect.Dialect - HHH000511: The 5.5.5 version for [org.hibernate.dialect.MySQLDialect] is no longer supported, hence certain features may not work properly. The minimum supported version is 8.0.0. Check the community dialects project for available legacy versions.
2025-07-29 18:08:25 [JavaFX Application Thread] INFO  org.hibernate.orm.connections.pooling - HHH10001005: Database info:
	Database JDBC URL [undefined/unknown]
	Database driver: undefined/unknown
	Database version: 5.5.5
	Autocommit mode: undefined/unknown
	Isolation level: undefined/unknown
	Minimum pool size: undefined/unknown
	Maximum pool size: undefined/unknown
2025-07-29 18:08:25 [JavaFX Application Thread] INFO  org.hibernate.engine.transaction.jta.platform.internal.JtaPlatformInitiator - HHH000489: No JTA platform available (set 'hibernate.transaction.jta.platform' to enable JTA platform integration)
2025-07-29 18:08:25 [JavaFX Application Thread] INFO  org.hibernate.jpa.internal.util.LogHelper - HHH000204: Processing PersistenceUnitInfo [name: pasteleriaPU]
2025-07-29 18:08:25 [JavaFX Application Thread] INFO  org.hibernate.cache.internal.RegionFactoryInitiator - HHH000026: Second-level cache disabled
2025-07-29 18:08:25 [JavaFX Application Thread] INFO  org.hibernate.engine.jdbc.connections.internal.ConnectionProviderInitiator - HHH000130: Instantiating explicit connection provider: com.zaxxer.hikari.hibernate.HikariConnectionProvider
2025-07-29 18:08:26 [JavaFX Application Thread] WARN  org.hibernate.dialect.Dialect - HHH000511: The 5.5.5 version for [org.hibernate.dialect.MySQLDialect] is no longer supported, hence certain features may not work properly. The minimum supported version is 8.0.0. Check the community dialects project for available legacy versions.
2025-07-29 18:08:26 [JavaFX Application Thread] INFO  org.hibernate.orm.connections.pooling - HHH10001005: Database info:
	Database JDBC URL [undefined/unknown]
	Database driver: undefined/unknown
	Database version: 5.5.5
	Autocommit mode: undefined/unknown
	Isolation level: undefined/unknown
	Minimum pool size: undefined/unknown
	Maximum pool size: undefined/unknown
2025-07-29 18:08:26 [JavaFX Application Thread] INFO  org.hibernate.engine.transaction.jta.platform.internal.JtaPlatformInitiator - HHH000489: No JTA platform available (set 'hibernate.transaction.jta.platform' to enable JTA platform integration)
2025-07-29 18:08:27 [JavaFX Application Thread] INFO  org.hibernate.jpa.internal.util.LogHelper - HHH000204: Processing PersistenceUnitInfo [name: pasteleriaPU]
2025-07-29 18:08:27 [JavaFX Application Thread] INFO  org.hibernate.cache.internal.RegionFactoryInitiator - HHH000026: Second-level cache disabled
2025-07-29 18:08:27 [JavaFX Application Thread] INFO  org.hibernate.engine.jdbc.connections.internal.ConnectionProviderInitiator - HHH000130: Instantiating explicit connection provider: com.zaxxer.hikari.hibernate.HikariConnectionProvider
2025-07-29 18:08:27 [JavaFX Application Thread] WARN  org.hibernate.dialect.Dialect - HHH000511: The 5.5.5 version for [org.hibernate.dialect.MySQLDialect] is no longer supported, hence certain features may not work properly. The minimum supported version is 8.0.0. Check the community dialects project for available legacy versions.
2025-07-29 18:08:27 [JavaFX Application Thread] INFO  org.hibernate.orm.connections.pooling - HHH10001005: Database info:
	Database JDBC URL [undefined/unknown]
	Database driver: undefined/unknown
	Database version: 5.5.5
	Autocommit mode: undefined/unknown
	Isolation level: undefined/unknown
	Minimum pool size: undefined/unknown
	Maximum pool size: undefined/unknown
2025-07-29 18:08:27 [JavaFX Application Thread] INFO  org.hibernate.engine.transaction.jta.platform.internal.JtaPlatformInitiator - HHH000489: No JTA platform available (set 'hibernate.transaction.jta.platform' to enable JTA platform integration)
2025-07-29 18:08:32 [JavaFX Application Thread] INFO  org.hibernate.jpa.internal.util.LogHelper - HHH000204: Processing PersistenceUnitInfo [name: pasteleriaPU]
2025-07-29 18:08:32 [JavaFX Application Thread] INFO  org.hibernate.cache.internal.RegionFactoryInitiator - HHH000026: Second-level cache disabled
2025-07-29 18:08:32 [JavaFX Application Thread] INFO  org.hibernate.engine.jdbc.connections.internal.ConnectionProviderInitiator - HHH000130: Instantiating explicit connection provider: com.zaxxer.hikari.hibernate.HikariConnectionProvider
2025-07-29 18:08:32 [JavaFX Application Thread] WARN  org.hibernate.dialect.Dialect - HHH000511: The 5.5.5 version for [org.hibernate.dialect.MySQLDialect] is no longer supported, hence certain features may not work properly. The minimum supported version is 8.0.0. Check the community dialects project for available legacy versions.
2025-07-29 18:08:32 [JavaFX Application Thread] INFO  org.hibernate.orm.connections.pooling - HHH10001005: Database info:
	Database JDBC URL [undefined/unknown]
	Database driver: undefined/unknown
	Database version: 5.5.5
	Autocommit mode: undefined/unknown
	Isolation level: undefined/unknown
	Minimum pool size: undefined/unknown
	Maximum pool size: undefined/unknown
2025-07-29 18:08:32 [JavaFX Application Thread] INFO  org.hibernate.engine.transaction.jta.platform.internal.JtaPlatformInitiator - HHH000489: No JTA platform available (set 'hibernate.transaction.jta.platform' to enable JTA platform integration)
2025-07-29 18:10:57 [main] INFO  org.hibernate.jpa.internal.util.LogHelper - HHH000204: Processing PersistenceUnitInfo [name: pasteleriaPU]
2025-07-29 18:10:57 [main] INFO  org.hibernate.Version - HHH000412: Hibernate ORM core version 6.6.3.Final
2025-07-29 18:10:57 [main] INFO  org.hibernate.cache.internal.RegionFactoryInitiator - HHH000026: Second-level cache disabled
2025-07-29 18:10:58 [main] INFO  org.hibernate.engine.jdbc.connections.internal.ConnectionProviderInitiator - HHH000130: Instantiating explicit connection provider: com.zaxxer.hikari.hibernate.HikariConnectionProvider
2025-07-29 18:10:58 [main] WARN  org.hibernate.dialect.Dialect - HHH000511: The 5.5.5 version for [org.hibernate.dialect.MySQLDialect] is no longer supported, hence certain features may not work properly. The minimum supported version is 8.0.0. Check the community dialects project for available legacy versions.
2025-07-29 18:10:58 [main] INFO  org.hibernate.orm.connections.pooling - HHH10001005: Database info:
	Database JDBC URL [undefined/unknown]
	Database driver: undefined/unknown
	Database version: 5.5.5
	Autocommit mode: undefined/unknown
	Isolation level: undefined/unknown
	Minimum pool size: undefined/unknown
	Maximum pool size: undefined/unknown
2025-07-29 18:11:00 [main] INFO  org.hibernate.engine.transaction.jta.platform.internal.JtaPlatformInitiator - HHH000489: No JTA platform available (set 'hibernate.transaction.jta.platform' to enable JTA platform integration)
2025-07-29 18:11:15 [JavaFX Application Thread] INFO  org.hibernate.jpa.internal.util.LogHelper - HHH000204: Processing PersistenceUnitInfo [name: pasteleriaPU]
2025-07-29 18:11:15 [JavaFX Application Thread] INFO  org.hibernate.cache.internal.RegionFactoryInitiator - HHH000026: Second-level cache disabled
2025-07-29 18:11:16 [JavaFX Application Thread] INFO  org.hibernate.engine.jdbc.connections.internal.ConnectionProviderInitiator - HHH000130: Instantiating explicit connection provider: com.zaxxer.hikari.hibernate.HikariConnectionProvider
2025-07-29 18:11:16 [JavaFX Application Thread] WARN  org.hibernate.dialect.Dialect - HHH000511: The 5.5.5 version for [org.hibernate.dialect.MySQLDialect] is no longer supported, hence certain features may not work properly. The minimum supported version is 8.0.0. Check the community dialects project for available legacy versions.
2025-07-29 18:11:16 [JavaFX Application Thread] INFO  org.hibernate.orm.connections.pooling - HHH10001005: Database info:
	Database JDBC URL [undefined/unknown]
	Database driver: undefined/unknown
	Database version: 5.5.5
	Autocommit mode: undefined/unknown
	Isolation level: undefined/unknown
	Minimum pool size: undefined/unknown
	Maximum pool size: undefined/unknown
2025-07-29 18:11:16 [JavaFX Application Thread] INFO  org.hibernate.engine.transaction.jta.platform.internal.JtaPlatformInitiator - HHH000489: No JTA platform available (set 'hibernate.transaction.jta.platform' to enable JTA platform integration)
2025-07-29 18:11:17 [JavaFX Application Thread] INFO  org.hibernate.jpa.internal.util.LogHelper - HHH000204: Processing PersistenceUnitInfo [name: pasteleriaPU]
2025-07-29 18:11:17 [JavaFX Application Thread] INFO  org.hibernate.cache.internal.RegionFactoryInitiator - HHH000026: Second-level cache disabled
2025-07-29 18:11:17 [JavaFX Application Thread] INFO  org.hibernate.engine.jdbc.connections.internal.ConnectionProviderInitiator - HHH000130: Instantiating explicit connection provider: com.zaxxer.hikari.hibernate.HikariConnectionProvider
2025-07-29 18:11:17 [JavaFX Application Thread] WARN  org.hibernate.dialect.Dialect - HHH000511: The 5.5.5 version for [org.hibernate.dialect.MySQLDialect] is no longer supported, hence certain features may not work properly. The minimum supported version is 8.0.0. Check the community dialects project for available legacy versions.
2025-07-29 18:11:17 [JavaFX Application Thread] INFO  org.hibernate.orm.connections.pooling - HHH10001005: Database info:
	Database JDBC URL [undefined/unknown]
	Database driver: undefined/unknown
	Database version: 5.5.5
	Autocommit mode: undefined/unknown
	Isolation level: undefined/unknown
	Minimum pool size: undefined/unknown
	Maximum pool size: undefined/unknown
2025-07-29 18:11:17 [JavaFX Application Thread] INFO  org.hibernate.engine.transaction.jta.platform.internal.JtaPlatformInitiator - HHH000489: No JTA platform available (set 'hibernate.transaction.jta.platform' to enable JTA platform integration)
2025-07-29 18:11:17 [JavaFX Application Thread] INFO  org.hibernate.jpa.internal.util.LogHelper - HHH000204: Processing PersistenceUnitInfo [name: pasteleriaPU]
2025-07-29 18:11:17 [JavaFX Application Thread] INFO  org.hibernate.cache.internal.RegionFactoryInitiator - HHH000026: Second-level cache disabled
2025-07-29 18:11:17 [JavaFX Application Thread] INFO  org.hibernate.engine.jdbc.connections.internal.ConnectionProviderInitiator - HHH000130: Instantiating explicit connection provider: com.zaxxer.hikari.hibernate.HikariConnectionProvider
2025-07-29 18:11:17 [JavaFX Application Thread] WARN  org.hibernate.dialect.Dialect - HHH000511: The 5.5.5 version for [org.hibernate.dialect.MySQLDialect] is no longer supported, hence certain features may not work properly. The minimum supported version is 8.0.0. Check the community dialects project for available legacy versions.
2025-07-29 18:11:17 [JavaFX Application Thread] INFO  org.hibernate.orm.connections.pooling - HHH10001005: Database info:
	Database JDBC URL [undefined/unknown]
	Database driver: undefined/unknown
	Database version: 5.5.5
	Autocommit mode: undefined/unknown
	Isolation level: undefined/unknown
	Minimum pool size: undefined/unknown
	Maximum pool size: undefined/unknown
2025-07-29 18:11:18 [JavaFX Application Thread] INFO  org.hibernate.engine.transaction.jta.platform.internal.JtaPlatformInitiator - HHH000489: No JTA platform available (set 'hibernate.transaction.jta.platform' to enable JTA platform integration)
2025-07-29 18:11:20 [JavaFX Application Thread] INFO  org.hibernate.jpa.internal.util.LogHelper - HHH000204: Processing PersistenceUnitInfo [name: pasteleriaPU]
2025-07-29 18:11:20 [JavaFX Application Thread] INFO  org.hibernate.cache.internal.RegionFactoryInitiator - HHH000026: Second-level cache disabled
2025-07-29 18:11:20 [JavaFX Application Thread] INFO  org.hibernate.engine.jdbc.connections.internal.ConnectionProviderInitiator - HHH000130: Instantiating explicit connection provider: com.zaxxer.hikari.hibernate.HikariConnectionProvider
2025-07-29 18:11:20 [JavaFX Application Thread] WARN  org.hibernate.dialect.Dialect - HHH000511: The 5.5.5 version for [org.hibernate.dialect.MySQLDialect] is no longer supported, hence certain features may not work properly. The minimum supported version is 8.0.0. Check the community dialects project for available legacy versions.
2025-07-29 18:11:20 [JavaFX Application Thread] INFO  org.hibernate.orm.connections.pooling - HHH10001005: Database info:
	Database JDBC URL [undefined/unknown]
	Database driver: undefined/unknown
	Database version: 5.5.5
	Autocommit mode: undefined/unknown
	Isolation level: undefined/unknown
	Minimum pool size: undefined/unknown
	Maximum pool size: undefined/unknown
2025-07-29 18:11:20 [JavaFX Application Thread] INFO  org.hibernate.engine.transaction.jta.platform.internal.JtaPlatformInitiator - HHH000489: No JTA platform available (set 'hibernate.transaction.jta.platform' to enable JTA platform integration)
2025-07-29 18:13:50 [main] INFO  org.hibernate.jpa.internal.util.LogHelper - HHH000204: Processing PersistenceUnitInfo [name: pasteleriaPU]
2025-07-29 18:13:50 [main] INFO  org.hibernate.Version - HHH000412: Hibernate ORM core version 6.6.3.Final
2025-07-29 18:13:50 [main] INFO  org.hibernate.cache.internal.RegionFactoryInitiator - HHH000026: Second-level cache disabled
2025-07-29 18:13:51 [main] INFO  org.hibernate.engine.jdbc.connections.internal.ConnectionProviderInitiator - HHH000130: Instantiating explicit connection provider: com.zaxxer.hikari.hibernate.HikariConnectionProvider
2025-07-29 18:13:51 [main] WARN  org.hibernate.dialect.Dialect - HHH000511: The 5.5.5 version for [org.hibernate.dialect.MySQLDialect] is no longer supported, hence certain features may not work properly. The minimum supported version is 8.0.0. Check the community dialects project for available legacy versions.
2025-07-29 18:13:51 [main] INFO  org.hibernate.orm.connections.pooling - HHH10001005: Database info:
	Database JDBC URL [undefined/unknown]
	Database driver: undefined/unknown
	Database version: 5.5.5
	Autocommit mode: undefined/unknown
	Isolation level: undefined/unknown
	Minimum pool size: undefined/unknown
	Maximum pool size: undefined/unknown
2025-07-29 18:13:53 [main] INFO  org.hibernate.engine.transaction.jta.platform.internal.JtaPlatformInitiator - HHH000489: No JTA platform available (set 'hibernate.transaction.jta.platform' to enable JTA platform integration)
2025-07-29 18:14:03 [JavaFX Application Thread] INFO  org.hibernate.jpa.internal.util.LogHelper - HHH000204: Processing PersistenceUnitInfo [name: pasteleriaPU]
2025-07-29 18:14:03 [JavaFX Application Thread] INFO  org.hibernate.cache.internal.RegionFactoryInitiator - HHH000026: Second-level cache disabled
2025-07-29 18:14:03 [JavaFX Application Thread] INFO  org.hibernate.engine.jdbc.connections.internal.ConnectionProviderInitiator - HHH000130: Instantiating explicit connection provider: com.zaxxer.hikari.hibernate.HikariConnectionProvider
2025-07-29 18:14:03 [JavaFX Application Thread] WARN  org.hibernate.dialect.Dialect - HHH000511: The 5.5.5 version for [org.hibernate.dialect.MySQLDialect] is no longer supported, hence certain features may not work properly. The minimum supported version is 8.0.0. Check the community dialects project for available legacy versions.
2025-07-29 18:14:03 [JavaFX Application Thread] INFO  org.hibernate.orm.connections.pooling - HHH10001005: Database info:
	Database JDBC URL [undefined/unknown]
	Database driver: undefined/unknown
	Database version: 5.5.5
	Autocommit mode: undefined/unknown
	Isolation level: undefined/unknown
	Minimum pool size: undefined/unknown
	Maximum pool size: undefined/unknown
2025-07-29 18:14:03 [JavaFX Application Thread] INFO  org.hibernate.engine.transaction.jta.platform.internal.JtaPlatformInitiator - HHH000489: No JTA platform available (set 'hibernate.transaction.jta.platform' to enable JTA platform integration)
2025-07-29 18:14:04 [JavaFX Application Thread] INFO  org.hibernate.jpa.internal.util.LogHelper - HHH000204: Processing PersistenceUnitInfo [name: pasteleriaPU]
2025-07-29 18:14:04 [JavaFX Application Thread] INFO  org.hibernate.cache.internal.RegionFactoryInitiator - HHH000026: Second-level cache disabled
2025-07-29 18:14:04 [JavaFX Application Thread] INFO  org.hibernate.engine.jdbc.connections.internal.ConnectionProviderInitiator - HHH000130: Instantiating explicit connection provider: com.zaxxer.hikari.hibernate.HikariConnectionProvider
2025-07-29 18:14:04 [JavaFX Application Thread] WARN  org.hibernate.dialect.Dialect - HHH000511: The 5.5.5 version for [org.hibernate.dialect.MySQLDialect] is no longer supported, hence certain features may not work properly. The minimum supported version is 8.0.0. Check the community dialects project for available legacy versions.
2025-07-29 18:14:04 [JavaFX Application Thread] INFO  org.hibernate.orm.connections.pooling - HHH10001005: Database info:
	Database JDBC URL [undefined/unknown]
	Database driver: undefined/unknown
	Database version: 5.5.5
	Autocommit mode: undefined/unknown
	Isolation level: undefined/unknown
	Minimum pool size: undefined/unknown
	Maximum pool size: undefined/unknown
2025-07-29 18:14:04 [JavaFX Application Thread] INFO  org.hibernate.engine.transaction.jta.platform.internal.JtaPlatformInitiator - HHH000489: No JTA platform available (set 'hibernate.transaction.jta.platform' to enable JTA platform integration)
2025-07-29 18:14:04 [JavaFX Application Thread] INFO  org.hibernate.jpa.internal.util.LogHelper - HHH000204: Processing PersistenceUnitInfo [name: pasteleriaPU]
2025-07-29 18:14:04 [JavaFX Application Thread] INFO  org.hibernate.cache.internal.RegionFactoryInitiator - HHH000026: Second-level cache disabled
2025-07-29 18:14:05 [JavaFX Application Thread] INFO  org.hibernate.engine.jdbc.connections.internal.ConnectionProviderInitiator - HHH000130: Instantiating explicit connection provider: com.zaxxer.hikari.hibernate.HikariConnectionProvider
2025-07-29 18:14:05 [JavaFX Application Thread] WARN  org.hibernate.dialect.Dialect - HHH000511: The 5.5.5 version for [org.hibernate.dialect.MySQLDialect] is no longer supported, hence certain features may not work properly. The minimum supported version is 8.0.0. Check the community dialects project for available legacy versions.
2025-07-29 18:14:05 [JavaFX Application Thread] INFO  org.hibernate.orm.connections.pooling - HHH10001005: Database info:
	Database JDBC URL [undefined/unknown]
	Database driver: undefined/unknown
	Database version: 5.5.5
	Autocommit mode: undefined/unknown
	Isolation level: undefined/unknown
	Minimum pool size: undefined/unknown
	Maximum pool size: undefined/unknown
2025-07-29 18:14:05 [JavaFX Application Thread] INFO  org.hibernate.engine.transaction.jta.platform.internal.JtaPlatformInitiator - HHH000489: No JTA platform available (set 'hibernate.transaction.jta.platform' to enable JTA platform integration)
2025-07-29 18:14:06 [JavaFX Application Thread] INFO  org.hibernate.jpa.internal.util.LogHelper - HHH000204: Processing PersistenceUnitInfo [name: pasteleriaPU]
2025-07-29 18:14:06 [JavaFX Application Thread] INFO  org.hibernate.cache.internal.RegionFactoryInitiator - HHH000026: Second-level cache disabled
2025-07-29 18:14:06 [JavaFX Application Thread] INFO  org.hibernate.engine.jdbc.connections.internal.ConnectionProviderInitiator - HHH000130: Instantiating explicit connection provider: com.zaxxer.hikari.hibernate.HikariConnectionProvider
2025-07-29 18:14:06 [JavaFX Application Thread] WARN  org.hibernate.dialect.Dialect - HHH000511: The 5.5.5 version for [org.hibernate.dialect.MySQLDialect] is no longer supported, hence certain features may not work properly. The minimum supported version is 8.0.0. Check the community dialects project for available legacy versions.
2025-07-29 18:14:06 [JavaFX Application Thread] INFO  org.hibernate.orm.connections.pooling - HHH10001005: Database info:
	Database JDBC URL [undefined/unknown]
	Database driver: undefined/unknown
	Database version: 5.5.5
	Autocommit mode: undefined/unknown
	Isolation level: undefined/unknown
	Minimum pool size: undefined/unknown
	Maximum pool size: undefined/unknown
2025-07-29 18:14:07 [JavaFX Application Thread] INFO  org.hibernate.engine.transaction.jta.platform.internal.JtaPlatformInitiator - HHH000489: No JTA platform available (set 'hibernate.transaction.jta.platform' to enable JTA platform integration)
2025-07-29 18:14:59 [JavaFX Application Thread] INFO  org.hibernate.jpa.internal.util.LogHelper - HHH000204: Processing PersistenceUnitInfo [name: pasteleriaPU]
2025-07-29 18:14:59 [JavaFX Application Thread] INFO  org.hibernate.cache.internal.RegionFactoryInitiator - HHH000026: Second-level cache disabled
2025-07-29 18:14:59 [JavaFX Application Thread] INFO  org.hibernate.engine.jdbc.connections.internal.ConnectionProviderInitiator - HHH000130: Instantiating explicit connection provider: com.zaxxer.hikari.hibernate.HikariConnectionProvider
2025-07-29 18:14:59 [JavaFX Application Thread] WARN  org.hibernate.dialect.Dialect - HHH000511: The 5.5.5 version for [org.hibernate.dialect.MySQLDialect] is no longer supported, hence certain features may not work properly. The minimum supported version is 8.0.0. Check the community dialects project for available legacy versions.
2025-07-29 18:14:59 [JavaFX Application Thread] INFO  org.hibernate.orm.connections.pooling - HHH10001005: Database info:
	Database JDBC URL [undefined/unknown]
	Database driver: undefined/unknown
	Database version: 5.5.5
	Autocommit mode: undefined/unknown
	Isolation level: undefined/unknown
	Minimum pool size: undefined/unknown
	Maximum pool size: undefined/unknown
2025-07-29 18:14:59 [JavaFX Application Thread] INFO  org.hibernate.engine.transaction.jta.platform.internal.JtaPlatformInitiator - HHH000489: No JTA platform available (set 'hibernate.transaction.jta.platform' to enable JTA platform integration)
2025-07-29 18:17:34 [main] INFO  org.hibernate.jpa.internal.util.LogHelper - HHH000204: Processing PersistenceUnitInfo [name: pasteleriaPU]
2025-07-29 18:17:34 [main] INFO  org.hibernate.Version - HHH000412: Hibernate ORM core version 6.6.3.Final
2025-07-29 18:17:34 [main] INFO  org.hibernate.cache.internal.RegionFactoryInitiator - HHH000026: Second-level cache disabled
2025-07-29 18:17:35 [main] INFO  org.hibernate.engine.jdbc.connections.internal.ConnectionProviderInitiator - HHH000130: Instantiating explicit connection provider: com.zaxxer.hikari.hibernate.HikariConnectionProvider
2025-07-29 18:17:35 [main] WARN  org.hibernate.dialect.Dialect - HHH000511: The 5.5.5 version for [org.hibernate.dialect.MySQLDialect] is no longer supported, hence certain features may not work properly. The minimum supported version is 8.0.0. Check the community dialects project for available legacy versions.
2025-07-29 18:17:35 [main] INFO  org.hibernate.orm.connections.pooling - HHH10001005: Database info:
	Database JDBC URL [undefined/unknown]
	Database driver: undefined/unknown
	Database version: 5.5.5
	Autocommit mode: undefined/unknown
	Isolation level: undefined/unknown
	Minimum pool size: undefined/unknown
	Maximum pool size: undefined/unknown
2025-07-29 18:17:37 [main] INFO  org.hibernate.engine.transaction.jta.platform.internal.JtaPlatformInitiator - HHH000489: No JTA platform available (set 'hibernate.transaction.jta.platform' to enable JTA platform integration)
2025-07-29 18:19:26 [JavaFX Application Thread] INFO  org.hibernate.jpa.internal.util.LogHelper - HHH000204: Processing PersistenceUnitInfo [name: pasteleriaPU]
2025-07-29 18:19:26 [JavaFX Application Thread] INFO  org.hibernate.cache.internal.RegionFactoryInitiator - HHH000026: Second-level cache disabled
2025-07-29 18:19:26 [JavaFX Application Thread] INFO  org.hibernate.engine.jdbc.connections.internal.ConnectionProviderInitiator - HHH000130: Instantiating explicit connection provider: com.zaxxer.hikari.hibernate.HikariConnectionProvider
2025-07-29 18:19:26 [JavaFX Application Thread] WARN  org.hibernate.dialect.Dialect - HHH000511: The 5.5.5 version for [org.hibernate.dialect.MySQLDialect] is no longer supported, hence certain features may not work properly. The minimum supported version is 8.0.0. Check the community dialects project for available legacy versions.
2025-07-29 18:19:26 [JavaFX Application Thread] INFO  org.hibernate.orm.connections.pooling - HHH10001005: Database info:
	Database JDBC URL [undefined/unknown]
	Database driver: undefined/unknown
	Database version: 5.5.5
	Autocommit mode: undefined/unknown
	Isolation level: undefined/unknown
	Minimum pool size: undefined/unknown
	Maximum pool size: undefined/unknown
2025-07-29 18:19:27 [JavaFX Application Thread] INFO  org.hibernate.engine.transaction.jta.platform.internal.JtaPlatformInitiator - HHH000489: No JTA platform available (set 'hibernate.transaction.jta.platform' to enable JTA platform integration)
2025-07-29 18:19:27 [JavaFX Application Thread] INFO  org.hibernate.jpa.internal.util.LogHelper - HHH000204: Processing PersistenceUnitInfo [name: pasteleriaPU]
2025-07-29 18:19:27 [JavaFX Application Thread] INFO  org.hibernate.cache.internal.RegionFactoryInitiator - HHH000026: Second-level cache disabled
2025-07-29 18:19:28 [JavaFX Application Thread] INFO  org.hibernate.engine.jdbc.connections.internal.ConnectionProviderInitiator - HHH000130: Instantiating explicit connection provider: com.zaxxer.hikari.hibernate.HikariConnectionProvider
2025-07-29 18:19:28 [JavaFX Application Thread] WARN  org.hibernate.dialect.Dialect - HHH000511: The 5.5.5 version for [org.hibernate.dialect.MySQLDialect] is no longer supported, hence certain features may not work properly. The minimum supported version is 8.0.0. Check the community dialects project for available legacy versions.
2025-07-29 18:19:28 [JavaFX Application Thread] INFO  org.hibernate.orm.connections.pooling - HHH10001005: Database info:
	Database JDBC URL [undefined/unknown]
	Database driver: undefined/unknown
	Database version: 5.5.5
	Autocommit mode: undefined/unknown
	Isolation level: undefined/unknown
	Minimum pool size: undefined/unknown
	Maximum pool size: undefined/unknown
2025-07-29 18:19:28 [JavaFX Application Thread] INFO  org.hibernate.engine.transaction.jta.platform.internal.JtaPlatformInitiator - HHH000489: No JTA platform available (set 'hibernate.transaction.jta.platform' to enable JTA platform integration)
2025-07-29 18:19:28 [JavaFX Application Thread] INFO  org.hibernate.jpa.internal.util.LogHelper - HHH000204: Processing PersistenceUnitInfo [name: pasteleriaPU]
2025-07-29 18:19:28 [JavaFX Application Thread] INFO  org.hibernate.cache.internal.RegionFactoryInitiator - HHH000026: Second-level cache disabled
2025-07-29 18:19:28 [JavaFX Application Thread] INFO  org.hibernate.engine.jdbc.connections.internal.ConnectionProviderInitiator - HHH000130: Instantiating explicit connection provider: com.zaxxer.hikari.hibernate.HikariConnectionProvider
2025-07-29 18:19:28 [JavaFX Application Thread] WARN  org.hibernate.dialect.Dialect - HHH000511: The 5.5.5 version for [org.hibernate.dialect.MySQLDialect] is no longer supported, hence certain features may not work properly. The minimum supported version is 8.0.0. Check the community dialects project for available legacy versions.
2025-07-29 18:19:28 [JavaFX Application Thread] INFO  org.hibernate.orm.connections.pooling - HHH10001005: Database info:
	Database JDBC URL [undefined/unknown]
	Database driver: undefined/unknown
	Database version: 5.5.5
	Autocommit mode: undefined/unknown
	Isolation level: undefined/unknown
	Minimum pool size: undefined/unknown
	Maximum pool size: undefined/unknown
2025-07-29 18:19:29 [JavaFX Application Thread] INFO  org.hibernate.engine.transaction.jta.platform.internal.JtaPlatformInitiator - HHH000489: No JTA platform available (set 'hibernate.transaction.jta.platform' to enable JTA platform integration)
2025-07-29 18:19:30 [JavaFX Application Thread] INFO  org.hibernate.jpa.internal.util.LogHelper - HHH000204: Processing PersistenceUnitInfo [name: pasteleriaPU]
2025-07-29 18:19:30 [JavaFX Application Thread] INFO  org.hibernate.cache.internal.RegionFactoryInitiator - HHH000026: Second-level cache disabled
2025-07-29 18:19:30 [JavaFX Application Thread] INFO  org.hibernate.engine.jdbc.connections.internal.ConnectionProviderInitiator - HHH000130: Instantiating explicit connection provider: com.zaxxer.hikari.hibernate.HikariConnectionProvider
2025-07-29 18:19:31 [JavaFX Application Thread] WARN  org.hibernate.dialect.Dialect - HHH000511: The 5.5.5 version for [org.hibernate.dialect.MySQLDialect] is no longer supported, hence certain features may not work properly. The minimum supported version is 8.0.0. Check the community dialects project for available legacy versions.
2025-07-29 18:19:31 [JavaFX Application Thread] INFO  org.hibernate.orm.connections.pooling - HHH10001005: Database info:
	Database JDBC URL [undefined/unknown]
	Database driver: undefined/unknown
	Database version: 5.5.5
	Autocommit mode: undefined/unknown
	Isolation level: undefined/unknown
	Minimum pool size: undefined/unknown
	Maximum pool size: undefined/unknown
2025-07-29 18:19:31 [JavaFX Application Thread] INFO  org.hibernate.engine.transaction.jta.platform.internal.JtaPlatformInitiator - HHH000489: No JTA platform available (set 'hibernate.transaction.jta.platform' to enable JTA platform integration)
2025-07-29 18:28:10 [JavaFX Application Thread] INFO  org.hibernate.jpa.internal.util.LogHelper - HHH000204: Processing PersistenceUnitInfo [name: pasteleriaPU]
2025-07-29 18:28:10 [JavaFX Application Thread] INFO  org.hibernate.cache.internal.RegionFactoryInitiator - HHH000026: Second-level cache disabled
2025-07-29 18:28:10 [JavaFX Application Thread] INFO  org.hibernate.engine.jdbc.connections.internal.ConnectionProviderInitiator - HHH000130: Instantiating explicit connection provider: com.zaxxer.hikari.hibernate.HikariConnectionProvider
2025-07-29 18:28:10 [JavaFX Application Thread] WARN  org.hibernate.dialect.Dialect - HHH000511: The 5.5.5 version for [org.hibernate.dialect.MySQLDialect] is no longer supported, hence certain features may not work properly. The minimum supported version is 8.0.0. Check the community dialects project for available legacy versions.
2025-07-29 18:28:10 [JavaFX Application Thread] INFO  org.hibernate.orm.connections.pooling - HHH10001005: Database info:
	Database JDBC URL [undefined/unknown]
	Database driver: undefined/unknown
	Database version: 5.5.5
	Autocommit mode: undefined/unknown
	Isolation level: undefined/unknown
	Minimum pool size: undefined/unknown
	Maximum pool size: undefined/unknown
2025-07-29 18:28:10 [JavaFX Application Thread] INFO  org.hibernate.engine.transaction.jta.platform.internal.JtaPlatformInitiator - HHH000489: No JTA platform available (set 'hibernate.transaction.jta.platform' to enable JTA platform integration)
2025-07-29 18:35:09 [JavaFX Application Thread] INFO  org.hibernate.jpa.internal.util.LogHelper - HHH000204: Processing PersistenceUnitInfo [name: pasteleriaPU]
2025-07-29 18:35:09 [JavaFX Application Thread] INFO  org.hibernate.cache.internal.RegionFactoryInitiator - HHH000026: Second-level cache disabled
2025-07-29 18:35:09 [JavaFX Application Thread] INFO  org.hibernate.engine.jdbc.connections.internal.ConnectionProviderInitiator - HHH000130: Instantiating explicit connection provider: com.zaxxer.hikari.hibernate.HikariConnectionProvider
2025-07-29 18:35:09 [JavaFX Application Thread] WARN  org.hibernate.dialect.Dialect - HHH000511: The 5.5.5 version for [org.hibernate.dialect.MySQLDialect] is no longer supported, hence certain features may not work properly. The minimum supported version is 8.0.0. Check the community dialects project for available legacy versions.
2025-07-29 18:35:09 [JavaFX Application Thread] INFO  org.hibernate.orm.connections.pooling - HHH10001005: Database info:
	Database JDBC URL [undefined/unknown]
	Database driver: undefined/unknown
	Database version: 5.5.5
	Autocommit mode: undefined/unknown
	Isolation level: undefined/unknown
	Minimum pool size: undefined/unknown
	Maximum pool size: undefined/unknown
2025-07-29 18:35:09 [JavaFX Application Thread] INFO  org.hibernate.engine.transaction.jta.platform.internal.JtaPlatformInitiator - HHH000489: No JTA platform available (set 'hibernate.transaction.jta.platform' to enable JTA platform integration)
2025-07-29 18:35:11 [JavaFX Application Thread] INFO  org.hibernate.jpa.internal.util.LogHelper - HHH000204: Processing PersistenceUnitInfo [name: pasteleriaPU]
2025-07-29 18:35:11 [JavaFX Application Thread] INFO  org.hibernate.cache.internal.RegionFactoryInitiator - HHH000026: Second-level cache disabled
2025-07-29 18:35:11 [JavaFX Application Thread] INFO  org.hibernate.engine.jdbc.connections.internal.ConnectionProviderInitiator - HHH000130: Instantiating explicit connection provider: com.zaxxer.hikari.hibernate.HikariConnectionProvider
2025-07-29 18:35:11 [JavaFX Application Thread] WARN  org.hibernate.dialect.Dialect - HHH000511: The 5.5.5 version for [org.hibernate.dialect.MySQLDialect] is no longer supported, hence certain features may not work properly. The minimum supported version is 8.0.0. Check the community dialects project for available legacy versions.
2025-07-29 18:35:11 [JavaFX Application Thread] INFO  org.hibernate.orm.connections.pooling - HHH10001005: Database info:
	Database JDBC URL [undefined/unknown]
	Database driver: undefined/unknown
	Database version: 5.5.5
	Autocommit mode: undefined/unknown
	Isolation level: undefined/unknown
	Minimum pool size: undefined/unknown
	Maximum pool size: undefined/unknown
2025-07-29 18:35:11 [JavaFX Application Thread] INFO  org.hibernate.engine.transaction.jta.platform.internal.JtaPlatformInitiator - HHH000489: No JTA platform available (set 'hibernate.transaction.jta.platform' to enable JTA platform integration)
2025-07-29 18:43:46 [main] INFO  org.hibernate.jpa.internal.util.LogHelper - HHH000204: Processing PersistenceUnitInfo [name: pasteleriaPU]
2025-07-29 18:43:47 [main] INFO  org.hibernate.Version - HHH000412: Hibernate ORM core version 6.6.3.Final
2025-07-29 18:43:47 [main] INFO  org.hibernate.cache.internal.RegionFactoryInitiator - HHH000026: Second-level cache disabled
2025-07-29 18:43:47 [main] INFO  org.hibernate.engine.jdbc.connections.internal.ConnectionProviderInitiator - HHH000130: Instantiating explicit connection provider: com.zaxxer.hikari.hibernate.HikariConnectionProvider
2025-07-29 18:43:47 [main] WARN  org.hibernate.dialect.Dialect - HHH000511: The 5.5.5 version for [org.hibernate.dialect.MySQLDialect] is no longer supported, hence certain features may not work properly. The minimum supported version is 8.0.0. Check the community dialects project for available legacy versions.
2025-07-29 18:43:47 [main] INFO  org.hibernate.orm.connections.pooling - HHH10001005: Database info:
	Database JDBC URL [undefined/unknown]
	Database driver: undefined/unknown
	Database version: 5.5.5
	Autocommit mode: undefined/unknown
	Isolation level: undefined/unknown
	Minimum pool size: undefined/unknown
	Maximum pool size: undefined/unknown
2025-07-29 18:43:49 [main] INFO  org.hibernate.engine.transaction.jta.platform.internal.JtaPlatformInitiator - HHH000489: No JTA platform available (set 'hibernate.transaction.jta.platform' to enable JTA platform integration)
2025-07-29 18:43:58 [JavaFX Application Thread] INFO  org.hibernate.jpa.internal.util.LogHelper - HHH000204: Processing PersistenceUnitInfo [name: pasteleriaPU]
2025-07-29 18:43:58 [JavaFX Application Thread] INFO  org.hibernate.cache.internal.RegionFactoryInitiator - HHH000026: Second-level cache disabled
2025-07-29 18:43:58 [JavaFX Application Thread] INFO  org.hibernate.engine.jdbc.connections.internal.ConnectionProviderInitiator - HHH000130: Instantiating explicit connection provider: com.zaxxer.hikari.hibernate.HikariConnectionProvider
2025-07-29 18:43:58 [JavaFX Application Thread] WARN  org.hibernate.dialect.Dialect - HHH000511: The 5.5.5 version for [org.hibernate.dialect.MySQLDialect] is no longer supported, hence certain features may not work properly. The minimum supported version is 8.0.0. Check the community dialects project for available legacy versions.
2025-07-29 18:43:58 [JavaFX Application Thread] INFO  org.hibernate.orm.connections.pooling - HHH10001005: Database info:
	Database JDBC URL [undefined/unknown]
	Database driver: undefined/unknown
	Database version: 5.5.5
	Autocommit mode: undefined/unknown
	Isolation level: undefined/unknown
	Minimum pool size: undefined/unknown
	Maximum pool size: undefined/unknown
2025-07-29 18:43:58 [JavaFX Application Thread] INFO  org.hibernate.engine.transaction.jta.platform.internal.JtaPlatformInitiator - HHH000489: No JTA platform available (set 'hibernate.transaction.jta.platform' to enable JTA platform integration)
2025-07-29 18:43:59 [JavaFX Application Thread] INFO  org.hibernate.jpa.internal.util.LogHelper - HHH000204: Processing PersistenceUnitInfo [name: pasteleriaPU]
2025-07-29 18:43:59 [JavaFX Application Thread] INFO  org.hibernate.cache.internal.RegionFactoryInitiator - HHH000026: Second-level cache disabled
2025-07-29 18:43:59 [JavaFX Application Thread] INFO  org.hibernate.engine.jdbc.connections.internal.ConnectionProviderInitiator - HHH000130: Instantiating explicit connection provider: com.zaxxer.hikari.hibernate.HikariConnectionProvider
2025-07-29 18:43:59 [JavaFX Application Thread] WARN  org.hibernate.dialect.Dialect - HHH000511: The 5.5.5 version for [org.hibernate.dialect.MySQLDialect] is no longer supported, hence certain features may not work properly. The minimum supported version is 8.0.0. Check the community dialects project for available legacy versions.
2025-07-29 18:43:59 [JavaFX Application Thread] INFO  org.hibernate.orm.connections.pooling - HHH10001005: Database info:
	Database JDBC URL [undefined/unknown]
	Database driver: undefined/unknown
	Database version: 5.5.5
	Autocommit mode: undefined/unknown
	Isolation level: undefined/unknown
	Minimum pool size: undefined/unknown
	Maximum pool size: undefined/unknown
2025-07-29 18:43:59 [JavaFX Application Thread] INFO  org.hibernate.engine.transaction.jta.platform.internal.JtaPlatformInitiator - HHH000489: No JTA platform available (set 'hibernate.transaction.jta.platform' to enable JTA platform integration)
2025-07-29 18:51:05 [main] INFO  org.hibernate.jpa.internal.util.LogHelper - HHH000204: Processing PersistenceUnitInfo [name: pasteleriaPU]
2025-07-29 18:51:05 [main] INFO  org.hibernate.Version - HHH000412: Hibernate ORM core version 6.6.3.Final
2025-07-29 18:51:05 [main] INFO  org.hibernate.cache.internal.RegionFactoryInitiator - HHH000026: Second-level cache disabled
2025-07-29 18:51:05 [main] INFO  org.hibernate.engine.jdbc.connections.internal.ConnectionProviderInitiator - HHH000130: Instantiating explicit connection provider: com.zaxxer.hikari.hibernate.HikariConnectionProvider
2025-07-29 18:51:06 [main] WARN  org.hibernate.dialect.Dialect - HHH000511: The 5.5.5 version for [org.hibernate.dialect.MySQLDialect] is no longer supported, hence certain features may not work properly. The minimum supported version is 8.0.0. Check the community dialects project for available legacy versions.
2025-07-29 18:51:06 [main] INFO  org.hibernate.orm.connections.pooling - HHH10001005: Database info:
	Database JDBC URL [undefined/unknown]
	Database driver: undefined/unknown
	Database version: 5.5.5
	Autocommit mode: undefined/unknown
	Isolation level: undefined/unknown
	Minimum pool size: undefined/unknown
	Maximum pool size: undefined/unknown
2025-07-29 18:51:08 [main] INFO  org.hibernate.engine.transaction.jta.platform.internal.JtaPlatformInitiator - HHH000489: No JTA platform available (set 'hibernate.transaction.jta.platform' to enable JTA platform integration)
2025-07-29 18:51:15 [JavaFX Application Thread] INFO  org.hibernate.jpa.internal.util.LogHelper - HHH000204: Processing PersistenceUnitInfo [name: pasteleriaPU]
2025-07-29 18:51:15 [JavaFX Application Thread] INFO  org.hibernate.cache.internal.RegionFactoryInitiator - HHH000026: Second-level cache disabled
2025-07-29 18:51:16 [JavaFX Application Thread] INFO  org.hibernate.engine.jdbc.connections.internal.ConnectionProviderInitiator - HHH000130: Instantiating explicit connection provider: com.zaxxer.hikari.hibernate.HikariConnectionProvider
2025-07-29 18:51:16 [JavaFX Application Thread] WARN  org.hibernate.dialect.Dialect - HHH000511: The 5.5.5 version for [org.hibernate.dialect.MySQLDialect] is no longer supported, hence certain features may not work properly. The minimum supported version is 8.0.0. Check the community dialects project for available legacy versions.
2025-07-29 18:51:16 [JavaFX Application Thread] INFO  org.hibernate.orm.connections.pooling - HHH10001005: Database info:
	Database JDBC URL [undefined/unknown]
	Database driver: undefined/unknown
	Database version: 5.5.5
	Autocommit mode: undefined/unknown
	Isolation level: undefined/unknown
	Minimum pool size: undefined/unknown
	Maximum pool size: undefined/unknown
2025-07-29 18:51:16 [JavaFX Application Thread] INFO  org.hibernate.engine.transaction.jta.platform.internal.JtaPlatformInitiator - HHH000489: No JTA platform available (set 'hibernate.transaction.jta.platform' to enable JTA platform integration)
2025-07-29 18:51:17 [JavaFX Application Thread] INFO  org.hibernate.jpa.internal.util.LogHelper - HHH000204: Processing PersistenceUnitInfo [name: pasteleriaPU]
2025-07-29 18:51:17 [JavaFX Application Thread] INFO  org.hibernate.cache.internal.RegionFactoryInitiator - HHH000026: Second-level cache disabled
2025-07-29 18:51:17 [JavaFX Application Thread] INFO  org.hibernate.engine.jdbc.connections.internal.ConnectionProviderInitiator - HHH000130: Instantiating explicit connection provider: com.zaxxer.hikari.hibernate.HikariConnectionProvider
2025-07-29 18:51:17 [JavaFX Application Thread] WARN  org.hibernate.dialect.Dialect - HHH000511: The 5.5.5 version for [org.hibernate.dialect.MySQLDialect] is no longer supported, hence certain features may not work properly. The minimum supported version is 8.0.0. Check the community dialects project for available legacy versions.
2025-07-29 18:51:17 [JavaFX Application Thread] INFO  org.hibernate.orm.connections.pooling - HHH10001005: Database info:
	Database JDBC URL [undefined/unknown]
	Database driver: undefined/unknown
	Database version: 5.5.5
	Autocommit mode: undefined/unknown
	Isolation level: undefined/unknown
	Minimum pool size: undefined/unknown
	Maximum pool size: undefined/unknown
2025-07-29 18:51:17 [JavaFX Application Thread] INFO  org.hibernate.engine.transaction.jta.platform.internal.JtaPlatformInitiator - HHH000489: No JTA platform available (set 'hibernate.transaction.jta.platform' to enable JTA platform integration)
2025-07-29 18:54:51 [main] INFO  org.hibernate.jpa.internal.util.LogHelper - HHH000204: Processing PersistenceUnitInfo [name: pasteleriaPU]
2025-07-29 18:54:51 [main] INFO  org.hibernate.Version - HHH000412: Hibernate ORM core version 6.6.3.Final
2025-07-29 18:54:51 [main] INFO  org.hibernate.cache.internal.RegionFactoryInitiator - HHH000026: Second-level cache disabled
2025-07-29 18:54:51 [main] INFO  org.hibernate.engine.jdbc.connections.internal.ConnectionProviderInitiator - HHH000130: Instantiating explicit connection provider: com.zaxxer.hikari.hibernate.HikariConnectionProvider
2025-07-29 18:54:51 [main] WARN  org.hibernate.dialect.Dialect - HHH000511: The 5.5.5 version for [org.hibernate.dialect.MySQLDialect] is no longer supported, hence certain features may not work properly. The minimum supported version is 8.0.0. Check the community dialects project for available legacy versions.
2025-07-29 18:54:51 [main] INFO  org.hibernate.orm.connections.pooling - HHH10001005: Database info:
	Database JDBC URL [undefined/unknown]
	Database driver: undefined/unknown
	Database version: 5.5.5
	Autocommit mode: undefined/unknown
	Isolation level: undefined/unknown
	Minimum pool size: undefined/unknown
	Maximum pool size: undefined/unknown
2025-07-29 18:54:53 [main] INFO  org.hibernate.engine.transaction.jta.platform.internal.JtaPlatformInitiator - HHH000489: No JTA platform available (set 'hibernate.transaction.jta.platform' to enable JTA platform integration)
2025-07-29 18:55:09 [JavaFX Application Thread] INFO  org.hibernate.jpa.internal.util.LogHelper - HHH000204: Processing PersistenceUnitInfo [name: pasteleriaPU]
2025-07-29 18:55:09 [JavaFX Application Thread] INFO  org.hibernate.cache.internal.RegionFactoryInitiator - HHH000026: Second-level cache disabled
2025-07-29 18:55:09 [JavaFX Application Thread] INFO  org.hibernate.engine.jdbc.connections.internal.ConnectionProviderInitiator - HHH000130: Instantiating explicit connection provider: com.zaxxer.hikari.hibernate.HikariConnectionProvider
2025-07-29 18:55:09 [JavaFX Application Thread] WARN  org.hibernate.dialect.Dialect - HHH000511: The 5.5.5 version for [org.hibernate.dialect.MySQLDialect] is no longer supported, hence certain features may not work properly. The minimum supported version is 8.0.0. Check the community dialects project for available legacy versions.
2025-07-29 18:55:09 [JavaFX Application Thread] INFO  org.hibernate.orm.connections.pooling - HHH10001005: Database info:
	Database JDBC URL [undefined/unknown]
	Database driver: undefined/unknown
	Database version: 5.5.5
	Autocommit mode: undefined/unknown
	Isolation level: undefined/unknown
	Minimum pool size: undefined/unknown
	Maximum pool size: undefined/unknown
2025-07-29 18:55:09 [JavaFX Application Thread] INFO  org.hibernate.engine.transaction.jta.platform.internal.JtaPlatformInitiator - HHH000489: No JTA platform available (set 'hibernate.transaction.jta.platform' to enable JTA platform integration)
2025-07-29 18:55:10 [JavaFX Application Thread] INFO  org.hibernate.jpa.internal.util.LogHelper - HHH000204: Processing PersistenceUnitInfo [name: pasteleriaPU]
2025-07-29 18:55:10 [JavaFX Application Thread] INFO  org.hibernate.cache.internal.RegionFactoryInitiator - HHH000026: Second-level cache disabled
2025-07-29 18:55:10 [JavaFX Application Thread] INFO  org.hibernate.engine.jdbc.connections.internal.ConnectionProviderInitiator - HHH000130: Instantiating explicit connection provider: com.zaxxer.hikari.hibernate.HikariConnectionProvider
2025-07-29 18:55:10 [JavaFX Application Thread] WARN  org.hibernate.dialect.Dialect - HHH000511: The 5.5.5 version for [org.hibernate.dialect.MySQLDialect] is no longer supported, hence certain features may not work properly. The minimum supported version is 8.0.0. Check the community dialects project for available legacy versions.
2025-07-29 18:55:10 [JavaFX Application Thread] INFO  org.hibernate.orm.connections.pooling - HHH10001005: Database info:
	Database JDBC URL [undefined/unknown]
	Database driver: undefined/unknown
	Database version: 5.5.5
	Autocommit mode: undefined/unknown
	Isolation level: undefined/unknown
	Minimum pool size: undefined/unknown
	Maximum pool size: undefined/unknown
2025-07-29 18:55:10 [JavaFX Application Thread] INFO  org.hibernate.engine.transaction.jta.platform.internal.JtaPlatformInitiator - HHH000489: No JTA platform available (set 'hibernate.transaction.jta.platform' to enable JTA platform integration)
2025-07-29 19:01:11 [JavaFX Application Thread] INFO  org.hibernate.jpa.internal.util.LogHelper - HHH000204: Processing PersistenceUnitInfo [name: pasteleriaPU]
2025-07-29 19:01:11 [JavaFX Application Thread] INFO  org.hibernate.cache.internal.RegionFactoryInitiator - HHH000026: Second-level cache disabled
2025-07-29 19:01:11 [JavaFX Application Thread] INFO  org.hibernate.engine.jdbc.connections.internal.ConnectionProviderInitiator - HHH000130: Instantiating explicit connection provider: com.zaxxer.hikari.hibernate.HikariConnectionProvider
2025-07-29 19:01:11 [JavaFX Application Thread] WARN  org.hibernate.dialect.Dialect - HHH000511: The 5.5.5 version for [org.hibernate.dialect.MySQLDialect] is no longer supported, hence certain features may not work properly. The minimum supported version is 8.0.0. Check the community dialects project for available legacy versions.
2025-07-29 19:01:11 [JavaFX Application Thread] INFO  org.hibernate.orm.connections.pooling - HHH10001005: Database info:
	Database JDBC URL [undefined/unknown]
	Database driver: undefined/unknown
	Database version: 5.5.5
	Autocommit mode: undefined/unknown
	Isolation level: undefined/unknown
	Minimum pool size: undefined/unknown
	Maximum pool size: undefined/unknown
2025-07-29 19:01:12 [JavaFX Application Thread] INFO  org.hibernate.engine.transaction.jta.platform.internal.JtaPlatformInitiator - HHH000489: No JTA platform available (set 'hibernate.transaction.jta.platform' to enable JTA platform integration)
2025-07-29 19:08:32 [main] INFO  org.hibernate.jpa.internal.util.LogHelper - HHH000204: Processing PersistenceUnitInfo [name: pasteleriaPU]
2025-07-29 19:08:32 [main] INFO  org.hibernate.Version - HHH000412: Hibernate ORM core version 6.6.3.Final
2025-07-29 19:08:32 [main] INFO  org.hibernate.cache.internal.RegionFactoryInitiator - HHH000026: Second-level cache disabled
2025-07-29 19:08:32 [main] INFO  org.hibernate.engine.jdbc.connections.internal.ConnectionProviderInitiator - HHH000130: Instantiating explicit connection provider: com.zaxxer.hikari.hibernate.HikariConnectionProvider
2025-07-29 19:08:33 [main] WARN  org.hibernate.dialect.Dialect - HHH000511: The 5.5.5 version for [org.hibernate.dialect.MySQLDialect] is no longer supported, hence certain features may not work properly. The minimum supported version is 8.0.0. Check the community dialects project for available legacy versions.
2025-07-29 19:08:33 [main] INFO  org.hibernate.orm.connections.pooling - HHH10001005: Database info:
	Database JDBC URL [undefined/unknown]
	Database driver: undefined/unknown
	Database version: 5.5.5
	Autocommit mode: undefined/unknown
	Isolation level: undefined/unknown
	Minimum pool size: undefined/unknown
	Maximum pool size: undefined/unknown
2025-07-29 19:08:34 [main] INFO  org.hibernate.engine.transaction.jta.platform.internal.JtaPlatformInitiator - HHH000489: No JTA platform available (set 'hibernate.transaction.jta.platform' to enable JTA platform integration)
2025-07-29 19:08:50 [JavaFX Application Thread] INFO  org.hibernate.jpa.internal.util.LogHelper - HHH000204: Processing PersistenceUnitInfo [name: pasteleriaPU]
2025-07-29 19:08:50 [JavaFX Application Thread] INFO  org.hibernate.cache.internal.RegionFactoryInitiator - HHH000026: Second-level cache disabled
2025-07-29 19:08:50 [JavaFX Application Thread] INFO  org.hibernate.engine.jdbc.connections.internal.ConnectionProviderInitiator - HHH000130: Instantiating explicit connection provider: com.zaxxer.hikari.hibernate.HikariConnectionProvider
2025-07-29 19:08:50 [JavaFX Application Thread] WARN  org.hibernate.dialect.Dialect - HHH000511: The 5.5.5 version for [org.hibernate.dialect.MySQLDialect] is no longer supported, hence certain features may not work properly. The minimum supported version is 8.0.0. Check the community dialects project for available legacy versions.
2025-07-29 19:08:50 [JavaFX Application Thread] INFO  org.hibernate.orm.connections.pooling - HHH10001005: Database info:
	Database JDBC URL [undefined/unknown]
	Database driver: undefined/unknown
	Database version: 5.5.5
	Autocommit mode: undefined/unknown
	Isolation level: undefined/unknown
	Minimum pool size: undefined/unknown
	Maximum pool size: undefined/unknown
2025-07-29 19:08:50 [JavaFX Application Thread] INFO  org.hibernate.engine.transaction.jta.platform.internal.JtaPlatformInitiator - HHH000489: No JTA platform available (set 'hibernate.transaction.jta.platform' to enable JTA platform integration)
2025-07-29 19:08:51 [JavaFX Application Thread] INFO  org.hibernate.jpa.internal.util.LogHelper - HHH000204: Processing PersistenceUnitInfo [name: pasteleriaPU]
2025-07-29 19:08:51 [JavaFX Application Thread] INFO  org.hibernate.cache.internal.RegionFactoryInitiator - HHH000026: Second-level cache disabled
2025-07-29 19:08:51 [JavaFX Application Thread] INFO  org.hibernate.engine.jdbc.connections.internal.ConnectionProviderInitiator - HHH000130: Instantiating explicit connection provider: com.zaxxer.hikari.hibernate.HikariConnectionProvider
2025-07-29 19:08:51 [JavaFX Application Thread] WARN  org.hibernate.dialect.Dialect - HHH000511: The 5.5.5 version for [org.hibernate.dialect.MySQLDialect] is no longer supported, hence certain features may not work properly. The minimum supported version is 8.0.0. Check the community dialects project for available legacy versions.
2025-07-29 19:08:51 [JavaFX Application Thread] INFO  org.hibernate.orm.connections.pooling - HHH10001005: Database info:
	Database JDBC URL [undefined/unknown]
	Database driver: undefined/unknown
	Database version: 5.5.5
	Autocommit mode: undefined/unknown
	Isolation level: undefined/unknown
	Minimum pool size: undefined/unknown
	Maximum pool size: undefined/unknown
2025-07-29 19:08:52 [JavaFX Application Thread] INFO  org.hibernate.engine.transaction.jta.platform.internal.JtaPlatformInitiator - HHH000489: No JTA platform available (set 'hibernate.transaction.jta.platform' to enable JTA platform integration)
2025-07-29 19:19:26 [main] INFO  org.hibernate.jpa.internal.util.LogHelper - HHH000204: Processing PersistenceUnitInfo [name: pasteleriaPU]
2025-07-29 19:19:26 [main] INFO  org.hibernate.Version - HHH000412: Hibernate ORM core version 6.6.3.Final
2025-07-29 19:19:26 [main] INFO  org.hibernate.cache.internal.RegionFactoryInitiator - HHH000026: Second-level cache disabled
2025-07-29 19:19:26 [main] INFO  org.hibernate.engine.jdbc.connections.internal.ConnectionProviderInitiator - HHH000130: Instantiating explicit connection provider: com.zaxxer.hikari.hibernate.HikariConnectionProvider
2025-07-29 19:19:27 [main] WARN  org.hibernate.dialect.Dialect - HHH000511: The 5.5.5 version for [org.hibernate.dialect.MySQLDialect] is no longer supported, hence certain features may not work properly. The minimum supported version is 8.0.0. Check the community dialects project for available legacy versions.
2025-07-29 19:19:27 [main] INFO  org.hibernate.orm.connections.pooling - HHH10001005: Database info:
	Database JDBC URL [undefined/unknown]
	Database driver: undefined/unknown
	Database version: 5.5.5
	Autocommit mode: undefined/unknown
	Isolation level: undefined/unknown
	Minimum pool size: undefined/unknown
	Maximum pool size: undefined/unknown
2025-07-29 19:19:29 [main] INFO  org.hibernate.engine.transaction.jta.platform.internal.JtaPlatformInitiator - HHH000489: No JTA platform available (set 'hibernate.transaction.jta.platform' to enable JTA platform integration)
2025-07-29 19:19:57 [JavaFX Application Thread] INFO  org.hibernate.jpa.internal.util.LogHelper - HHH000204: Processing PersistenceUnitInfo [name: pasteleriaPU]
2025-07-29 19:19:57 [JavaFX Application Thread] INFO  org.hibernate.cache.internal.RegionFactoryInitiator - HHH000026: Second-level cache disabled
2025-07-29 19:19:57 [JavaFX Application Thread] INFO  org.hibernate.engine.jdbc.connections.internal.ConnectionProviderInitiator - HHH000130: Instantiating explicit connection provider: com.zaxxer.hikari.hibernate.HikariConnectionProvider
2025-07-29 19:19:57 [JavaFX Application Thread] WARN  org.hibernate.dialect.Dialect - HHH000511: The 5.5.5 version for [org.hibernate.dialect.MySQLDialect] is no longer supported, hence certain features may not work properly. The minimum supported version is 8.0.0. Check the community dialects project for available legacy versions.
2025-07-29 19:19:57 [JavaFX Application Thread] INFO  org.hibernate.orm.connections.pooling - HHH10001005: Database info:
	Database JDBC URL [undefined/unknown]
	Database driver: undefined/unknown
	Database version: 5.5.5
	Autocommit mode: undefined/unknown
	Isolation level: undefined/unknown
	Minimum pool size: undefined/unknown
	Maximum pool size: undefined/unknown
2025-07-29 19:19:58 [JavaFX Application Thread] INFO  org.hibernate.engine.transaction.jta.platform.internal.JtaPlatformInitiator - HHH000489: No JTA platform available (set 'hibernate.transaction.jta.platform' to enable JTA platform integration)
2025-07-29 19:19:58 [JavaFX Application Thread] INFO  org.hibernate.jpa.internal.util.LogHelper - HHH000204: Processing PersistenceUnitInfo [name: pasteleriaPU]
2025-07-29 19:19:58 [JavaFX Application Thread] INFO  org.hibernate.cache.internal.RegionFactoryInitiator - HHH000026: Second-level cache disabled
2025-07-29 19:19:58 [JavaFX Application Thread] INFO  org.hibernate.engine.jdbc.connections.internal.ConnectionProviderInitiator - HHH000130: Instantiating explicit connection provider: com.zaxxer.hikari.hibernate.HikariConnectionProvider
2025-07-29 19:19:58 [JavaFX Application Thread] WARN  org.hibernate.dialect.Dialect - HHH000511: The 5.5.5 version for [org.hibernate.dialect.MySQLDialect] is no longer supported, hence certain features may not work properly. The minimum supported version is 8.0.0. Check the community dialects project for available legacy versions.
2025-07-29 19:19:58 [JavaFX Application Thread] INFO  org.hibernate.orm.connections.pooling - HHH10001005: Database info:
	Database JDBC URL [undefined/unknown]
	Database driver: undefined/unknown
	Database version: 5.5.5
	Autocommit mode: undefined/unknown
	Isolation level: undefined/unknown
	Minimum pool size: undefined/unknown
	Maximum pool size: undefined/unknown
2025-07-29 19:19:59 [JavaFX Application Thread] INFO  org.hibernate.engine.transaction.jta.platform.internal.JtaPlatformInitiator - HHH000489: No JTA platform available (set 'hibernate.transaction.jta.platform' to enable JTA platform integration)
2025-07-29 19:27:28 [main] INFO  org.hibernate.jpa.internal.util.LogHelper - HHH000204: Processing PersistenceUnitInfo [name: pasteleriaPU]
2025-07-29 19:27:28 [main] INFO  org.hibernate.Version - HHH000412: Hibernate ORM core version 6.6.3.Final
2025-07-29 19:27:28 [main] INFO  org.hibernate.cache.internal.RegionFactoryInitiator - HHH000026: Second-level cache disabled
2025-07-29 19:27:29 [main] INFO  org.hibernate.engine.jdbc.connections.internal.ConnectionProviderInitiator - HHH000130: Instantiating explicit connection provider: com.zaxxer.hikari.hibernate.HikariConnectionProvider
2025-07-29 19:27:29 [main] WARN  org.hibernate.dialect.Dialect - HHH000511: The 5.5.5 version for [org.hibernate.dialect.MySQLDialect] is no longer supported, hence certain features may not work properly. The minimum supported version is 8.0.0. Check the community dialects project for available legacy versions.
2025-07-29 19:27:29 [main] INFO  org.hibernate.orm.connections.pooling - HHH10001005: Database info:
	Database JDBC URL [undefined/unknown]
	Database driver: undefined/unknown
	Database version: 5.5.5
	Autocommit mode: undefined/unknown
	Isolation level: undefined/unknown
	Minimum pool size: undefined/unknown
	Maximum pool size: undefined/unknown
2025-07-29 19:27:31 [main] INFO  org.hibernate.engine.transaction.jta.platform.internal.JtaPlatformInitiator - HHH000489: No JTA platform available (set 'hibernate.transaction.jta.platform' to enable JTA platform integration)
2025-07-29 19:27:42 [JavaFX Application Thread] INFO  org.hibernate.jpa.internal.util.LogHelper - HHH000204: Processing PersistenceUnitInfo [name: pasteleriaPU]
2025-07-29 19:27:42 [JavaFX Application Thread] INFO  org.hibernate.cache.internal.RegionFactoryInitiator - HHH000026: Second-level cache disabled
2025-07-29 19:27:42 [JavaFX Application Thread] INFO  org.hibernate.engine.jdbc.connections.internal.ConnectionProviderInitiator - HHH000130: Instantiating explicit connection provider: com.zaxxer.hikari.hibernate.HikariConnectionProvider
2025-07-29 19:27:42 [JavaFX Application Thread] WARN  org.hibernate.dialect.Dialect - HHH000511: The 5.5.5 version for [org.hibernate.dialect.MySQLDialect] is no longer supported, hence certain features may not work properly. The minimum supported version is 8.0.0. Check the community dialects project for available legacy versions.
2025-07-29 19:27:42 [JavaFX Application Thread] INFO  org.hibernate.orm.connections.pooling - HHH10001005: Database info:
	Database JDBC URL [undefined/unknown]
	Database driver: undefined/unknown
	Database version: 5.5.5
	Autocommit mode: undefined/unknown
	Isolation level: undefined/unknown
	Minimum pool size: undefined/unknown
	Maximum pool size: undefined/unknown
2025-07-29 19:27:42 [JavaFX Application Thread] INFO  org.hibernate.engine.transaction.jta.platform.internal.JtaPlatformInitiator - HHH000489: No JTA platform available (set 'hibernate.transaction.jta.platform' to enable JTA platform integration)
