[2025-08-01 13:18:30] Usuario: Martin Schonberger (Rol: Administrador) Acción: El usuario ha iniciado sesión.
[2025-08-01 13:18:34] Usuario: Martin Schonberger (Rol: Administrador) Acción: El usuario accedió a la sección de Configuración
[2025-08-01 13:18:36] Usuario: Martin Schonberger (Rol: Administrador) Acción: El usuario abrió la ventana de gestión de insumos para supervisar y registrar los ingredientes en stock.
[2025-08-01 13:18:39] Usuario: Martin Schonberger (Rol: Administrador) Acción: El usuario modificó el insumo del catálogo: MANTECA
[2025-08-01 13:18:44] Usuario: Martin Schonberger (Rol: Administrador) Acción: CatalogoInsumo MANTEC modificado con éxito.
[2025-08-01 13:18:47] Usuario: Martin Schonberger (Rol: Administrador) Acción: El usuario ha iniciado sesión.
[2025-08-01 13:18:47] Usuario: Martin Schonberger (Rol: Administrador) Acción: El usuario regresó al menú principal.
[2025-08-01 13:18:49] Usuario: Martin Schonberger (Rol: Administrador) Acción: El usuario accedió a la sección de Configuración
[2025-08-01 13:18:50] Usuario: Martin Schonberger (Rol: Administrador) Acción: El usuario abrió la ventana de gestión de insumos para supervisar y registrar los ingredientes en stock.
[2025-08-01 13:22:22] Usuario: Martin Schonberger (Rol: Administrador) Acción: El usuario ha iniciado sesión.
[2025-08-01 13:22:31] Usuario: Martin Schonberger (Rol: Administrador) Acción: El usuario accedió a la sección de Configuración
[2025-08-01 13:22:46] Usuario: Martin Schonberger (Rol: Administrador) Acción: El usuario abrió la ventana de gestión de sabores para administrar los sabores disponibles en la pastelería.
[2025-08-01 13:22:47] Usuario: Martin Schonberger (Rol: Administrador) Acción: El usuario abrió la ventana de gestión de insumos para supervisar y registrar los ingredientes en stock.
[2025-08-01 13:22:48] Usuario: Martin Schonberger (Rol: Administrador) Acción: El usuario modificó el insumo del catálogo: MANTEC
[2025-08-01 13:22:51] Usuario: Martin Schonberger (Rol: Administrador) Acción: CatalogoInsumo MANTECA modificado con éxito.
[2025-08-01 13:22:54] Usuario: Martin Schonberger (Rol: Administrador) Acción: El usuario modificó el insumo del catálogo: MANTECA
[2025-08-01 13:22:59] Usuario: Martin Schonberger (Rol: Administrador) Acción: CatalogoInsumo MANT modificado con éxito.
[2025-08-01 13:23:01] Usuario: Martin Schonberger (Rol: Administrador) Acción: El usuario modificó el insumo del catálogo: MANT
[2025-08-01 13:23:04] Usuario: Martin Schonberger (Rol: Administrador) Acción: CatalogoInsumo MANTECA modificado con éxito.
[2025-08-01 13:23:16] Usuario: Martin Schonberger (Rol: Administrador) Acción: El usuario agregó un nuevo insumo al catálogo.
[2025-08-01 13:23:29] Usuario: Martin Schonberger (Rol: Administrador) Acción: CatalogoInsumo LECHE CONDENSADA creado con éxito.
[2025-08-01 13:23:35] Usuario: Martin Schonberger (Rol: Administrador) Acción: El usuario modificó el insumo del catálogo: LECHE CONDENSADA
[2025-08-01 13:23:38] Usuario: Martin Schonberger (Rol: Administrador) Acción: CatalogoInsumo LECHE CO modificado con éxito.
[2025-08-01 13:23:40] Usuario: Martin Schonberger (Rol: Administrador) Acción: El usuario modificó el insumo del catálogo: LECHE CO
[2025-08-01 13:23:45] Usuario: Martin Schonberger (Rol: Administrador) Acción: CatalogoInsumo LECHE CONDENSADA modificado con éxito.
[2025-08-01 13:23:48] Usuario: Martin Schonberger (Rol: Administrador) Acción: El usuario abrió la ventana de gestión de sabores para administrar los sabores disponibles en la pastelería.
[2025-08-01 13:23:49] Usuario: Martin Schonberger (Rol: Administrador) Acción: El usuario abrió la ventana de gestión de clientes para administrar la información de los clientes.
[2025-08-01 13:23:50] Usuario: Martin Schonberger (Rol: Administrador) Acción: El usuario accedió a la pantalla de gestión de roles.
[2025-08-01 13:23:50] Usuario: Martin Schonberger (Rol: Administrador) Acción: Roles cargados desde la base de datos: 3 roles disponibles.
[2025-08-01 13:23:50] Usuario: Martin Schonberger (Rol: Administrador) Acción: No se seleccionó ningún rol. Los permisos han sido deshabilitados.
[2025-08-01 13:23:50] Usuario: Martin Schonberger (Rol: Administrador) Acción: El usuario accedió a la ventana de control de roles y permisos para gestionar los privilegios de los usuarios.
[2025-08-01 13:23:52] Usuario: Martin Schonberger (Rol: Administrador) Acción: El usuario abrió la ventana de acciones de usuario para visualizar las acciones.
[2025-08-01 13:23:53] Usuario: Martin Schonberger (Rol: Administrador) Acción: El usuario abrió la ventana de configuración de notificaciones.
[2025-08-01 13:26:42] Usuario: Martin Schonberger (Rol: Administrador) Acción: El usuario ha iniciado sesión.
[2025-08-01 13:26:44] Usuario: Martin Schonberger (Rol: Administrador) Acción: El usuario accedió a la sección de Configuración
[2025-08-01 13:26:49] Usuario: Martin Schonberger (Rol: Administrador) Acción: El usuario ha iniciado sesión.
[2025-08-01 13:26:49] Usuario: Martin Schonberger (Rol: Administrador) Acción: El usuario regresó al menú principal.
[2025-08-01 13:26:54] Usuario: Martin Schonberger (Rol: Administrador) Acción: El usuario accedió a la sección de Configuración
[2025-08-01 13:26:56] Usuario: Martin Schonberger (Rol: Administrador) Acción: El usuario accedió a la pantalla de gestión de roles.
[2025-08-01 13:26:56] Usuario: Martin Schonberger (Rol: Administrador) Acción: Roles cargados desde la base de datos: 3 roles disponibles.
[2025-08-01 13:26:56] Usuario: Martin Schonberger (Rol: Administrador) Acción: No se seleccionó ningún rol. Los permisos han sido deshabilitados.
[2025-08-01 13:26:56] Usuario: Martin Schonberger (Rol: Administrador) Acción: El usuario accedió a la ventana de control de roles y permisos para gestionar los privilegios de los usuarios.
[2025-08-01 13:26:58] Usuario: Martin Schonberger (Rol: Administrador) Acción: Se cargaron permisos para el rol: Empleado
[2025-08-01 13:27:24] Usuario: Martin Schonberger (Rol: Administrador) Acción: El usuario abrió la ventana de gestión de clientes para administrar la información de los clientes.
[2025-08-01 13:27:30] Usuario: Martin Schonberger (Rol: Administrador) Acción: El usuario agregó un nuevo cliente.
[2025-08-01 13:31:24] Usuario: Martin Schonberger (Rol: Administrador) Acción: Operación de cliente cancelada.
[2025-08-01 13:31:25] Usuario: Martin Schonberger (Rol: Administrador) Acción: El usuario abrió la ventana de gestión de sabores para administrar los sabores disponibles en la pastelería.
[2025-08-01 13:31:26] Usuario: Martin Schonberger (Rol: Administrador) Acción: El usuario abrió la ventana de gestión de insumos para supervisar y registrar los ingredientes en stock.
[2025-08-01 13:31:27] Usuario: Martin Schonberger (Rol: Administrador) Acción: El usuario abrió la ventana de configuración de notificaciones.
[2025-08-01 13:32:14] Usuario: Martin Schonberger (Rol: Administrador) Acción: El usuario abrió la ventana de acciones de usuario para visualizar las acciones.
[2025-08-01 13:32:16] Usuario: Martin Schonberger (Rol: Administrador) Acción: El usuario ha iniciado sesión.
[2025-08-01 13:32:16] Usuario: Martin Schonberger (Rol: Administrador) Acción: El usuario regresó al menú principal.
[2025-08-01 13:32:28] Usuario: Martin Schonberger (Rol: Administrador) Acción: El usuario accedió a la sección de Configuración
[2025-08-01 13:32:44] Usuario: Martin Schonberger (Rol: Administrador) Acción: El usuario abrió el formulario para modificar los datos de un empleado existente.
[2025-08-01 13:33:25] Usuario: Martin Schonberger (Rol: Administrador) Acción: El usuario ha iniciado sesión.
[2025-08-01 13:33:25] Usuario: Martin Schonberger (Rol: Administrador) Acción: El usuario regresó al menú principal.
[2025-08-01 13:33:26] Usuario: Martin Schonberger (Rol: Administrador) Acción: El usuario cerró sesión
[2025-08-01 13:33:32] Usuario: Julieta Ibanez (Rol: Cajera) Acción: El usuario ha iniciado sesión.
[2025-08-01 13:33:39] Usuario: Julieta Ibanez (Rol: Cajera) Acción: El usuario cerró sesión
[2025-08-01 13:33:49] Usuario: Martin Schonberger (Rol: Administrador) Acción: El usuario ha iniciado sesión.
[2025-08-01 13:33:51] Usuario: Martin Schonberger (Rol: Administrador) Acción: El usuario accedió a la sección de Configuración
[2025-08-01 13:33:54] Usuario: Martin Schonberger (Rol: Administrador) Acción: El usuario accedió a la pantalla de gestión de roles.
[2025-08-01 13:33:54] Usuario: Martin Schonberger (Rol: Administrador) Acción: Roles cargados desde la base de datos: 3 roles disponibles.
[2025-08-01 13:33:54] Usuario: Martin Schonberger (Rol: Administrador) Acción: No se seleccionó ningún rol. Los permisos han sido deshabilitados.
[2025-08-01 13:33:54] Usuario: Martin Schonberger (Rol: Administrador) Acción: El usuario accedió a la ventana de control de roles y permisos para gestionar los privilegios de los usuarios.
[2025-08-01 13:33:56] Usuario: Martin Schonberger (Rol: Administrador) Acción: Se cargaron permisos para el rol: Cajera
[2025-08-01 13:34:00] Usuario: Martin Schonberger (Rol: Administrador) Acción: El usuario asignó el permiso Pedidos-ver al rol: Cajera
[2025-08-01 13:34:03] Usuario: Martin Schonberger (Rol: Administrador) Acción: El usuario asignó el permiso Recetas-ver al rol: Cajera
[2025-08-01 13:34:03] Usuario: Martin Schonberger (Rol: Administrador) Acción: El usuario asignó el permiso Productos-ver al rol: Cajera
[2025-08-01 13:34:05] Usuario: Martin Schonberger (Rol: Administrador) Acción: El usuario asignó el permiso Proveedores-ver al rol: Cajera
[2025-08-01 13:34:08] Usuario: Martin Schonberger (Rol: Administrador) Acción: El usuario ha iniciado sesión.
[2025-08-01 13:34:08] Usuario: Martin Schonberger (Rol: Administrador) Acción: El usuario regresó al menú principal.
[2025-08-01 13:34:10] Usuario: Martin Schonberger (Rol: Administrador) Acción: El usuario cerró sesión
[2025-08-01 13:34:18] Usuario: Julieta Ibanez (Rol: Cajera) Acción: El usuario ha iniciado sesión.
[2025-08-01 13:34:20] Usuario: Julieta Ibanez (Rol: Cajera) Acción: Accedió a la sección de Pedidos
[2025-08-01 13:34:24] Usuario: Julieta Ibanez (Rol: Cajera) Acción: El usuario ha iniciado sesión.
[2025-08-01 13:34:25] Usuario: Julieta Ibanez (Rol: Cajera) Acción: Accedió a la sección de Recetas
[2025-08-01 13:34:29] Usuario: Julieta Ibanez (Rol: Cajera) Acción: El usuario regresó al menú principal desde la pantalla de gestión de recetas.
[2025-08-01 13:34:29] Usuario: Julieta Ibanez (Rol: Cajera) Acción: El usuario ha iniciado sesión.
[2025-08-01 13:34:30] Usuario: Julieta Ibanez (Rol: Cajera) Acción: Accedió a la sección de Productos
[2025-08-01 13:34:34] Usuario: Julieta Ibanez (Rol: Cajera) Acción: El usuario ha iniciado sesión.
[2025-08-01 13:34:34] Usuario: Julieta Ibanez (Rol: Cajera) Acción: El usuario regresó al menú principal desde la pantalla de Productos.
[2025-08-01 13:34:36] Usuario: Julieta Ibanez (Rol: Cajera) Acción: Accedió a la sección de Proveedores
[2025-08-01 13:34:40] Usuario: Julieta Ibanez (Rol: Cajera) Acción: El usuario ha iniciado sesión.
[2025-08-01 13:34:40] Usuario: Julieta Ibanez (Rol: Cajera) Acción: El usuario volvió al menú principal.
[2025-08-01 13:37:46] Usuario: Julieta Ibanez (Rol: Cajera) Acción: El usuario cerró sesión
[2025-08-01 13:38:06] Usuario: Martin Schonberger (Rol: Administrador) Acción: El usuario ha iniciado sesión.
[2025-08-01 13:46:46] Usuario: Martin Schonberger (Rol: Administrador) Acción: Accedió a la sección de Eventos
[2025-08-01 13:46:46] Usuario: Martin Schonberger (Rol: Administrador) Acción: Calendario para el mes: 2025-08 generado correctamente.
[2025-08-01 13:46:46] Usuario: Martin Schonberger (Rol: Administrador) Acción: Calendario para el mes: 2025-08 generado correctamente.
[2025-08-01 13:46:46] Usuario: Martin Schonberger (Rol: Administrador) Acción: Calendario inicializado para el mes: 2025-08
[2025-08-01 13:47:01] Usuario: Martin Schonberger (Rol: Administrador) Acción: Calendario para el mes: 2025-08 generado correctamente.
[2025-08-01 13:47:01] Usuario: Martin Schonberger (Rol: Administrador) Acción: Evento agregado o modificado correctamente.
[2025-08-01 13:47:02] Usuario: Martin Schonberger (Rol: Administrador) Acción: El usuario ha iniciado sesión.
[2025-08-01 13:47:02] Usuario: Martin Schonberger (Rol: Administrador) Acción: El usuario volvió al menú principal.
[2025-08-01 14:51:15] Usuario: Martin Schonberger (Rol: Administrador) Acción: El usuario ha iniciado sesión.
[2025-08-01 14:51:26] Usuario: Martin Schonberger (Rol: Administrador) Acción: El usuario accedió a la sección de Configuración
[2025-08-01 14:51:28] Usuario: Martin Schonberger (Rol: Administrador) Acción: El usuario abrió la ventana de acciones de usuario para visualizar las acciones.
[2025-08-01 14:51:47] Usuario: Martin Schonberger (Rol: Administrador) Acción: El usuario ha iniciado sesión.
[2025-08-01 14:51:47] Usuario: Martin Schonberger (Rol: Administrador) Acción: El usuario regresó al menú principal.
[2025-08-01 14:51:51] Usuario: Martin Schonberger (Rol: Administrador) Acción: El usuario accedió a la sección de Configuración
[2025-08-01 14:51:54] Usuario: Martin Schonberger (Rol: Administrador) Acción: El usuario accedió a la pantalla de gestión de roles.
[2025-08-01 14:51:54] Usuario: Martin Schonberger (Rol: Administrador) Acción: Roles cargados desde la base de datos: 3 roles disponibles.
[2025-08-01 14:51:54] Usuario: Martin Schonberger (Rol: Administrador) Acción: No se seleccionó ningún rol. Los permisos han sido deshabilitados.
[2025-08-01 14:51:54] Usuario: Martin Schonberger (Rol: Administrador) Acción: El usuario accedió a la ventana de control de roles y permisos para gestionar los privilegios de los usuarios.
[2025-08-01 14:51:55] Usuario: Martin Schonberger (Rol: Administrador) Acción: Se cargaron permisos para el rol: Empleado
[2025-08-01 14:51:57] Usuario: Martin Schonberger (Rol: Administrador) Acción: El usuario asignó el permiso Eventos-ver al rol: Empleado
[2025-08-01 14:51:57] Usuario: Martin Schonberger (Rol: Administrador) Acción: El usuario asignó el permiso Pedidos-ver al rol: Empleado
[2025-08-01 14:51:58] Usuario: Martin Schonberger (Rol: Administrador) Acción: El usuario asignó el permiso Productos-ver al rol: Empleado
[2025-08-01 14:51:59] Usuario: Martin Schonberger (Rol: Administrador) Acción: El usuario asignó el permiso Proveedores-ver al rol: Empleado
[2025-08-01 14:52:00] Usuario: Martin Schonberger (Rol: Administrador) Acción: El usuario asignó el permiso Agenda-ver al rol: Empleado
[2025-08-01 14:52:00] Usuario: Martin Schonberger (Rol: Administrador) Acción: El usuario revocó el permiso Productos-ver al rol: Empleado
[2025-08-01 14:52:01] Usuario: Martin Schonberger (Rol: Administrador) Acción: El usuario asignó el permiso Recetas-ver al rol: Empleado
[2025-08-01 14:52:01] Usuario: Martin Schonberger (Rol: Administrador) Acción: El usuario asignó el permiso Productos-ver al rol: Empleado
[2025-08-01 14:52:02] Usuario: Martin Schonberger (Rol: Administrador) Acción: El usuario asignó el permiso Insumos-ver al rol: Empleado
[2025-08-01 14:52:03] Usuario: Martin Schonberger (Rol: Administrador) Acción: El usuario asignó el permiso Clientes-ver al rol: Empleado
[2025-08-01 14:52:03] Usuario: Martin Schonberger (Rol: Administrador) Acción: El usuario asignó el permiso Sabores-ver al rol: Empleado
[2025-08-01 14:52:04] Usuario: Martin Schonberger (Rol: Administrador) Acción: El usuario asignó el permiso Config. Empleados-ver al rol: Empleado
[2025-08-01 14:52:04] Usuario: Martin Schonberger (Rol: Administrador) Acción: El usuario asignó el permiso Stock-ver al rol: Empleado
[2025-08-01 14:52:05] Usuario: Martin Schonberger (Rol: Administrador) Acción: El usuario asignó el permiso Estadísticas-ver al rol: Empleado
[2025-08-01 14:52:05] Usuario: Martin Schonberger (Rol: Administrador) Acción: El usuario asignó el permiso Notificaciones-ver al rol: Empleado
[2025-08-01 14:52:07] Usuario: Martin Schonberger (Rol: Administrador) Acción: El usuario asignó el permiso Settings-ver al rol: Empleado
[2025-08-01 14:52:15] Usuario: Martin Schonberger (Rol: Administrador) Acción: El usuario abrió el formulario para modificar los datos de un empleado existente.
[2025-08-01 14:52:23] Usuario: Martin Schonberger (Rol: Administrador) Acción: El usuario ha iniciado sesión.
[2025-08-01 14:52:23] Usuario: Martin Schonberger (Rol: Administrador) Acción: El usuario regresó al menú principal.
[2025-08-01 14:52:25] Usuario: Martin Schonberger (Rol: Administrador) Acción: El usuario cerró sesión
[2025-08-01 14:52:30] Usuario: Julian Alvarez (Rol: Empleado) Acción: El usuario ha iniciado sesión.
[2025-08-01 14:52:33] Usuario: Julian Alvarez (Rol: Empleado) Acción: El usuario accedió a la sección de Configuración
[2025-08-01 14:52:41] Usuario: Julian Alvarez (Rol: Empleado) Acción: El usuario ha iniciado sesión.
[2025-08-01 14:52:41] Usuario: Julian Alvarez (Rol: Empleado) Acción: El usuario regresó al menú principal.
[2025-08-01 14:52:46] Usuario: Julian Alvarez (Rol: Empleado) Acción: El usuario cerró sesión
[2025-08-01 14:52:54] Usuario: Martin Schonberger (Rol: Administrador) Acción: El usuario ha iniciado sesión.
[2025-08-01 14:52:56] Usuario: Martin Schonberger (Rol: Administrador) Acción: El usuario accedió a la sección de Configuración
[2025-08-01 14:52:57] Usuario: Martin Schonberger (Rol: Administrador) Acción: El usuario accedió a la pantalla de gestión de roles.
[2025-08-01 14:52:57] Usuario: Martin Schonberger (Rol: Administrador) Acción: Roles cargados desde la base de datos: 3 roles disponibles.
[2025-08-01 14:52:57] Usuario: Martin Schonberger (Rol: Administrador) Acción: No se seleccionó ningún rol. Los permisos han sido deshabilitados.
[2025-08-01 14:52:57] Usuario: Martin Schonberger (Rol: Administrador) Acción: El usuario accedió a la ventana de control de roles y permisos para gestionar los privilegios de los usuarios.
[2025-08-01 14:52:59] Usuario: Martin Schonberger (Rol: Administrador) Acción: El usuario asignó el permiso Pedidos-ver al rol: Cajera
[2025-08-01 14:52:59] Usuario: Martin Schonberger (Rol: Administrador) Acción: El usuario asignó el permiso Recetas-ver al rol: Cajera
[2025-08-01 14:52:59] Usuario: Martin Schonberger (Rol: Administrador) Acción: El usuario asignó el permiso Productos-ver al rol: Cajera
[2025-08-01 14:52:59] Usuario: Martin Schonberger (Rol: Administrador) Acción: El usuario asignó el permiso Proveedores-ver al rol: Cajera
[2025-08-01 14:52:59] Usuario: Martin Schonberger (Rol: Administrador) Acción: Se cargaron permisos para el rol: Cajera
[2025-08-01 14:53:00] Usuario: Martin Schonberger (Rol: Administrador) Acción: El usuario revocó el permiso Proveedores-ver al rol: Empleado
[2025-08-01 14:53:00] Usuario: Martin Schonberger (Rol: Administrador) Acción: El usuario revocó el permiso Productos-ver al rol: Empleado
[2025-08-01 14:53:00] Usuario: Martin Schonberger (Rol: Administrador) Acción: El usuario revocó el permiso Recetas-ver al rol: Empleado
[2025-08-01 14:53:00] Usuario: Martin Schonberger (Rol: Administrador) Acción: El usuario revocó el permiso Pedidos-ver al rol: Empleado
[2025-08-01 14:53:00] Usuario: Martin Schonberger (Rol: Administrador) Acción: El usuario asignó el permiso Eventos-ver al rol: Empleado
[2025-08-01 14:53:00] Usuario: Martin Schonberger (Rol: Administrador) Acción: El usuario asignó el permiso Agenda-ver al rol: Empleado
[2025-08-01 14:53:00] Usuario: Martin Schonberger (Rol: Administrador) Acción: El usuario asignó el permiso Insumos-ver al rol: Empleado
[2025-08-01 14:53:00] Usuario: Martin Schonberger (Rol: Administrador) Acción: El usuario asignó el permiso Clientes-ver al rol: Empleado
[2025-08-01 14:53:00] Usuario: Martin Schonberger (Rol: Administrador) Acción: El usuario asignó el permiso Sabores-ver al rol: Empleado
[2025-08-01 14:53:00] Usuario: Martin Schonberger (Rol: Administrador) Acción: El usuario asignó el permiso Config. Empleados-ver al rol: Empleado
[2025-08-01 14:53:00] Usuario: Martin Schonberger (Rol: Administrador) Acción: El usuario asignó el permiso Stock-ver al rol: Empleado
[2025-08-01 14:53:00] Usuario: Martin Schonberger (Rol: Administrador) Acción: El usuario asignó el permiso Estadísticas-ver al rol: Empleado
[2025-08-01 14:53:00] Usuario: Martin Schonberger (Rol: Administrador) Acción: El usuario asignó el permiso Notificaciones-ver al rol: Empleado
[2025-08-01 14:53:00] Usuario: Martin Schonberger (Rol: Administrador) Acción: El usuario asignó el permiso Settings-ver al rol: Empleado
[2025-08-01 14:53:00] Usuario: Martin Schonberger (Rol: Administrador) Acción: Se cargaron permisos para el rol: Empleado
[2025-08-01 14:53:10] Usuario: Martin Schonberger (Rol: Administrador) Acción: El usuario asignó el permiso Proveedores-ver al rol: Empleado
[2025-08-01 14:53:10] Usuario: Martin Schonberger (Rol: Administrador) Acción: El usuario asignó el permiso Productos-ver al rol: Empleado
[2025-08-01 14:53:11] Usuario: Martin Schonberger (Rol: Administrador) Acción: El usuario asignó el permiso Recetas-ver al rol: Empleado
[2025-08-01 14:53:11] Usuario: Martin Schonberger (Rol: Administrador) Acción: El usuario asignó el permiso Pedidos-ver al rol: Empleado
[2025-08-01 14:53:13] Usuario: Martin Schonberger (Rol: Administrador) Acción: El usuario revocó el permiso Agenda-ver al rol: Cajera
[2025-08-01 14:53:13] Usuario: Martin Schonberger (Rol: Administrador) Acción: El usuario revocó el permiso Settings-ver al rol: Cajera
[2025-08-01 14:53:13] Usuario: Martin Schonberger (Rol: Administrador) Acción: El usuario revocó el permiso Config. Empleados-ver al rol: Cajera
[2025-08-01 14:53:13] Usuario: Martin Schonberger (Rol: Administrador) Acción: El usuario revocó el permiso Proveedores-ver al rol: Cajera
[2025-08-01 14:53:13] Usuario: Martin Schonberger (Rol: Administrador) Acción: El usuario revocó el permiso Productos-ver al rol: Cajera
[2025-08-01 14:53:13] Usuario: Martin Schonberger (Rol: Administrador) Acción: El usuario revocó el permiso Recetas-ver al rol: Cajera
[2025-08-01 14:53:13] Usuario: Martin Schonberger (Rol: Administrador) Acción: El usuario revocó el permiso Notificaciones-ver al rol: Cajera
[2025-08-01 14:53:13] Usuario: Martin Schonberger (Rol: Administrador) Acción: El usuario revocó el permiso Stock-ver al rol: Cajera
[2025-08-01 14:53:13] Usuario: Martin Schonberger (Rol: Administrador) Acción: El usuario revocó el permiso Sabores-ver al rol: Cajera
[2025-08-01 14:53:13] Usuario: Martin Schonberger (Rol: Administrador) Acción: El usuario revocó el permiso Pedidos-ver al rol: Cajera
[2025-08-01 14:53:13] Usuario: Martin Schonberger (Rol: Administrador) Acción: El usuario revocó el permiso Eventos-ver al rol: Cajera
[2025-08-01 14:53:13] Usuario: Martin Schonberger (Rol: Administrador) Acción: El usuario revocó el permiso Clientes-ver al rol: Cajera
[2025-08-01 14:53:13] Usuario: Martin Schonberger (Rol: Administrador) Acción: El usuario revocó el permiso Insumos-ver al rol: Cajera
[2025-08-01 14:53:13] Usuario: Martin Schonberger (Rol: Administrador) Acción: El usuario revocó el permiso Estadísticas-ver al rol: Cajera
[2025-08-01 14:53:13] Usuario: Martin Schonberger (Rol: Administrador) Acción: Se cargaron permisos para el rol: Cajera
[2025-08-01 14:53:14] Usuario: Martin Schonberger (Rol: Administrador) Acción: El usuario asignó el permiso Eventos-ver al rol: Empleado
[2025-08-01 14:53:14] Usuario: Martin Schonberger (Rol: Administrador) Acción: El usuario asignó el permiso Agenda-ver al rol: Empleado
[2025-08-01 14:53:14] Usuario: Martin Schonberger (Rol: Administrador) Acción: El usuario asignó el permiso Insumos-ver al rol: Empleado
[2025-08-01 14:53:14] Usuario: Martin Schonberger (Rol: Administrador) Acción: El usuario asignó el permiso Clientes-ver al rol: Empleado
[2025-08-01 14:53:14] Usuario: Martin Schonberger (Rol: Administrador) Acción: El usuario asignó el permiso Sabores-ver al rol: Empleado
[2025-08-01 14:53:14] Usuario: Martin Schonberger (Rol: Administrador) Acción: El usuario asignó el permiso Config. Empleados-ver al rol: Empleado
[2025-08-01 14:53:14] Usuario: Martin Schonberger (Rol: Administrador) Acción: El usuario asignó el permiso Stock-ver al rol: Empleado
[2025-08-01 14:53:14] Usuario: Martin Schonberger (Rol: Administrador) Acción: El usuario asignó el permiso Estadísticas-ver al rol: Empleado
[2025-08-01 14:53:14] Usuario: Martin Schonberger (Rol: Administrador) Acción: El usuario asignó el permiso Notificaciones-ver al rol: Empleado
[2025-08-01 14:53:14] Usuario: Martin Schonberger (Rol: Administrador) Acción: El usuario asignó el permiso Settings-ver al rol: Empleado
[2025-08-01 14:53:14] Usuario: Martin Schonberger (Rol: Administrador) Acción: El usuario asignó el permiso Proveedores-ver al rol: Empleado
[2025-08-01 14:53:14] Usuario: Martin Schonberger (Rol: Administrador) Acción: El usuario asignó el permiso Productos-ver al rol: Empleado
[2025-08-01 14:53:14] Usuario: Martin Schonberger (Rol: Administrador) Acción: El usuario asignó el permiso Recetas-ver al rol: Empleado
[2025-08-01 14:53:14] Usuario: Martin Schonberger (Rol: Administrador) Acción: El usuario asignó el permiso Pedidos-ver al rol: Empleado
[2025-08-01 14:53:14] Usuario: Martin Schonberger (Rol: Administrador) Acción: Se cargaron permisos para el rol: Empleado
[2025-08-01 14:53:15] Usuario: Martin Schonberger (Rol: Administrador) Acción: Se activaron todos los permisos para el rol Administrador.
[2025-08-01 14:53:16] Usuario: Martin Schonberger (Rol: Administrador) Acción: El usuario revocó el permiso Agenda-todos al rol: Empleado
[2025-08-01 14:53:16] Usuario: Martin Schonberger (Rol: Administrador) Acción: El usuario revocó el permiso Agenda-crear al rol: Empleado
[2025-08-01 14:53:16] Usuario: Martin Schonberger (Rol: Administrador) Acción: El usuario revocó el permiso Agenda-ver al rol: Empleado
[2025-08-01 14:53:16] Usuario: Martin Schonberger (Rol: Administrador) Acción: El usuario revocó el permiso Productos-todos al rol: Empleado
[2025-08-01 14:53:16] Usuario: Martin Schonberger (Rol: Administrador) Acción: El usuario revocó el permiso Productos-eliminar al rol: Empleado
[2025-08-01 14:53:16] Usuario: Martin Schonberger (Rol: Administrador) Acción: El usuario revocó el permiso Config. Empleados-todos al rol: Empleado
[2025-08-01 14:53:16] Usuario: Martin Schonberger (Rol: Administrador) Acción: El usuario revocó el permiso Config. Empleados-modificar al rol: Empleado
[2025-08-01 14:53:16] Usuario: Martin Schonberger (Rol: Administrador) Acción: El usuario revocó el permiso Settings-ver al rol: Empleado
[2025-08-01 14:53:16] Usuario: Martin Schonberger (Rol: Administrador) Acción: El usuario revocó el permiso Config. Empleados-ver al rol: Empleado
[2025-08-01 14:53:16] Usuario: Martin Schonberger (Rol: Administrador) Acción: El usuario revocó el permiso Productos-modificar al rol: Empleado
[2025-08-01 14:53:16] Usuario: Martin Schonberger (Rol: Administrador) Acción: El usuario revocó el permiso Pedidos-todos al rol: Empleado
[2025-08-01 14:53:16] Usuario: Martin Schonberger (Rol: Administrador) Acción: El usuario revocó el permiso Pedidos-eliminar al rol: Empleado
[2025-08-01 14:53:16] Usuario: Martin Schonberger (Rol: Administrador) Acción: El usuario revocó el permiso Pedidos-crear al rol: Empleado
[2025-08-01 14:53:16] Usuario: Martin Schonberger (Rol: Administrador) Acción: El usuario revocó el permiso Insumos-todos al rol: Empleado
[2025-08-01 14:53:16] Usuario: Martin Schonberger (Rol: Administrador) Acción: El usuario revocó el permiso Insumos-modificar al rol: Empleado
[2025-08-01 14:53:16] Usuario: Martin Schonberger (Rol: Administrador) Acción: El usuario revocó el permiso Recetas-todos al rol: Empleado
[2025-08-01 14:53:16] Usuario: Martin Schonberger (Rol: Administrador) Acción: El usuario revocó el permiso Recetas-eliminar al rol: Empleado
[2025-08-01 14:53:16] Usuario: Martin Schonberger (Rol: Administrador) Acción: El usuario revocó el permiso Proveedores-todos al rol: Empleado
[2025-08-01 14:53:16] Usuario: Martin Schonberger (Rol: Administrador) Acción: El usuario revocó el permiso Proveedores-ver al rol: Empleado
[2025-08-01 14:53:16] Usuario: Martin Schonberger (Rol: Administrador) Acción: El usuario revocó el permiso Clientes-todos al rol: Empleado
[2025-08-01 14:53:17] Usuario: Martin Schonberger (Rol: Administrador) Acción: El usuario revocó el permiso Clientes-modificar al rol: Empleado
[2025-08-01 14:53:17] Usuario: Martin Schonberger (Rol: Administrador) Acción: El usuario revocó el permiso Productos-ver al rol: Empleado
[2025-08-01 14:53:17] Usuario: Martin Schonberger (Rol: Administrador) Acción: El usuario revocó el permiso Proveedores-eliminar al rol: Empleado
[2025-08-01 14:53:17] Usuario: Martin Schonberger (Rol: Administrador) Acción: El usuario revocó el permiso Clientes-crear al rol: Empleado
[2025-08-01 14:53:17] Usuario: Martin Schonberger (Rol: Administrador) Acción: El usuario revocó el permiso Eventos-todos al rol: Empleado
[2025-08-01 14:53:17] Usuario: Martin Schonberger (Rol: Administrador) Acción: El usuario revocó el permiso Eventos-modificar al rol: Empleado
[2025-08-01 14:53:17] Usuario: Martin Schonberger (Rol: Administrador) Acción: El usuario revocó el permiso Eventos-crear al rol: Empleado
[2025-08-01 14:53:17] Usuario: Martin Schonberger (Rol: Administrador) Acción: El usuario revocó el permiso Stock-crear al rol: Empleado
[2025-08-01 14:53:17] Usuario: Martin Schonberger (Rol: Administrador) Acción: El usuario revocó el permiso Recetas-ver al rol: Empleado
[2025-08-01 14:53:17] Usuario: Martin Schonberger (Rol: Administrador) Acción: El usuario revocó el permiso Notificaciones-ver al rol: Empleado
[2025-08-01 14:53:17] Usuario: Martin Schonberger (Rol: Administrador) Acción: El usuario revocó el permiso Stock-ver al rol: Empleado
[2025-08-01 14:53:17] Usuario: Martin Schonberger (Rol: Administrador) Acción: El usuario revocó el permiso Sabores-todos al rol: Empleado
[2025-08-01 14:53:17] Usuario: Martin Schonberger (Rol: Administrador) Acción: El usuario revocó el permiso Sabores-eliminar al rol: Empleado
[2025-08-01 14:53:17] Usuario: Martin Schonberger (Rol: Administrador) Acción: El usuario revocó el permiso Sabores-ver al rol: Empleado
[2025-08-01 14:53:17] Usuario: Martin Schonberger (Rol: Administrador) Acción: El usuario revocó el permiso Pedidos-ver al rol: Empleado
[2025-08-01 14:53:17] Usuario: Martin Schonberger (Rol: Administrador) Acción: El usuario revocó el permiso Agenda-modificar al rol: Empleado
[2025-08-01 14:53:17] Usuario: Martin Schonberger (Rol: Administrador) Acción: El usuario revocó el permiso Clientes-eliminar al rol: Empleado
[2025-08-01 14:53:17] Usuario: Martin Schonberger (Rol: Administrador) Acción: El usuario revocó el permiso Insumos-eliminar al rol: Empleado
[2025-08-01 14:53:17] Usuario: Martin Schonberger (Rol: Administrador) Acción: El usuario revocó el permiso Eventos-ver al rol: Empleado
[2025-08-01 14:53:17] Usuario: Martin Schonberger (Rol: Administrador) Acción: El usuario revocó el permiso Pedidos-modificar al rol: Empleado
[2025-08-01 14:53:17] Usuario: Martin Schonberger (Rol: Administrador) Acción: El usuario revocó el permiso Productos-crear al rol: Empleado
[2025-08-01 14:53:17] Usuario: Martin Schonberger (Rol: Administrador) Acción: El usuario revocó el permiso Agenda-eliminar al rol: Empleado
[2025-08-01 14:53:17] Usuario: Martin Schonberger (Rol: Administrador) Acción: El usuario revocó el permiso Clientes-ver al rol: Empleado
[2025-08-01 14:53:17] Usuario: Martin Schonberger (Rol: Administrador) Acción: El usuario revocó el permiso Sabores-crear al rol: Empleado
[2025-08-01 14:53:17] Usuario: Martin Schonberger (Rol: Administrador) Acción: El usuario revocó el permiso Config. Empleados-eliminar al rol: Empleado
[2025-08-01 14:53:17] Usuario: Martin Schonberger (Rol: Administrador) Acción: El usuario revocó el permiso Recetas-crear al rol: Empleado
[2025-08-01 14:53:17] Usuario: Martin Schonberger (Rol: Administrador) Acción: El usuario revocó el permiso Insumos-crear al rol: Empleado
[2025-08-01 14:53:17] Usuario: Martin Schonberger (Rol: Administrador) Acción: El usuario revocó el permiso Sabores-modificar al rol: Empleado
[2025-08-01 14:53:17] Usuario: Martin Schonberger (Rol: Administrador) Acción: El usuario revocó el permiso Insumos-ver al rol: Empleado
[2025-08-01 14:53:17] Usuario: Martin Schonberger (Rol: Administrador) Acción: El usuario revocó el permiso Estadísticas-crear al rol: Empleado
[2025-08-01 14:53:17] Usuario: Martin Schonberger (Rol: Administrador) Acción: El usuario revocó el permiso Config. Empleados-crear al rol: Empleado
[2025-08-01 14:53:17] Usuario: Martin Schonberger (Rol: Administrador) Acción: El usuario revocó el permiso Proveedores-crear al rol: Empleado
[2025-08-01 14:53:17] Usuario: Martin Schonberger (Rol: Administrador) Acción: El usuario revocó el permiso Eventos-eliminar al rol: Empleado
[2025-08-01 14:53:17] Usuario: Martin Schonberger (Rol: Administrador) Acción: El usuario revocó el permiso Recetas-modificar al rol: Empleado
[2025-08-01 14:53:17] Usuario: Martin Schonberger (Rol: Administrador) Acción: El usuario revocó el permiso Proveedores-modificar al rol: Empleado
[2025-08-01 14:53:17] Usuario: Martin Schonberger (Rol: Administrador) Acción: El usuario revocó el permiso Estadísticas-ver al rol: Empleado
[2025-08-01 14:53:17] Usuario: Martin Schonberger (Rol: Administrador) Acción: Se cargaron permisos para el rol: Empleado
[2025-08-01 14:53:19] Usuario: Martin Schonberger (Rol: Administrador) Acción: Se cargaron permisos para el rol: Cajera
[2025-08-01 14:53:20] Usuario: Martin Schonberger (Rol: Administrador) Acción: Se cargaron permisos para el rol: Empleado
[2025-08-01 14:53:23] Usuario: Martin Schonberger (Rol: Administrador) Acción: El usuario ha iniciado sesión.
[2025-08-01 14:53:23] Usuario: Martin Schonberger (Rol: Administrador) Acción: El usuario regresó al menú principal.
[2025-08-01 14:53:25] Usuario: Martin Schonberger (Rol: Administrador) Acción: El usuario accedió a la sección de Configuración
[2025-08-01 14:53:26] Usuario: Martin Schonberger (Rol: Administrador) Acción: El usuario accedió a la pantalla de gestión de roles.
[2025-08-01 14:53:26] Usuario: Martin Schonberger (Rol: Administrador) Acción: Roles cargados desde la base de datos: 3 roles disponibles.
[2025-08-01 14:53:26] Usuario: Martin Schonberger (Rol: Administrador) Acción: No se seleccionó ningún rol. Los permisos han sido deshabilitados.
[2025-08-01 14:53:26] Usuario: Martin Schonberger (Rol: Administrador) Acción: El usuario accedió a la ventana de control de roles y permisos para gestionar los privilegios de los usuarios.
[2025-08-01 14:53:27] Usuario: Martin Schonberger (Rol: Administrador) Acción: Se cargaron permisos para el rol: Empleado
[2025-08-01 14:53:30] Usuario: Martin Schonberger (Rol: Administrador) Acción: Se activaron todos los permisos para el rol Administrador.
[2025-08-01 14:53:31] Usuario: Martin Schonberger (Rol: Administrador) Acción: El usuario revocó el permiso Agenda-todos al rol: Empleado
[2025-08-01 14:53:31] Usuario: Martin Schonberger (Rol: Administrador) Acción: El usuario revocó el permiso Agenda-crear al rol: Empleado
[2025-08-01 14:53:31] Usuario: Martin Schonberger (Rol: Administrador) Acción: El usuario revocó el permiso Agenda-ver al rol: Empleado
[2025-08-01 14:53:31] Usuario: Martin Schonberger (Rol: Administrador) Acción: El usuario revocó el permiso Productos-todos al rol: Empleado
[2025-08-01 14:53:31] Usuario: Martin Schonberger (Rol: Administrador) Acción: El usuario revocó el permiso Productos-eliminar al rol: Empleado
[2025-08-01 14:53:31] Usuario: Martin Schonberger (Rol: Administrador) Acción: El usuario revocó el permiso Config. Empleados-todos al rol: Empleado
[2025-08-01 14:53:31] Usuario: Martin Schonberger (Rol: Administrador) Acción: El usuario revocó el permiso Config. Empleados-modificar al rol: Empleado
[2025-08-01 14:53:31] Usuario: Martin Schonberger (Rol: Administrador) Acción: El usuario revocó el permiso Settings-ver al rol: Empleado
[2025-08-01 14:53:31] Usuario: Martin Schonberger (Rol: Administrador) Acción: El usuario revocó el permiso Config. Empleados-ver al rol: Empleado
[2025-08-01 14:53:31] Usuario: Martin Schonberger (Rol: Administrador) Acción: El usuario revocó el permiso Productos-modificar al rol: Empleado
[2025-08-01 14:53:31] Usuario: Martin Schonberger (Rol: Administrador) Acción: El usuario revocó el permiso Pedidos-todos al rol: Empleado
[2025-08-01 14:53:31] Usuario: Martin Schonberger (Rol: Administrador) Acción: El usuario revocó el permiso Pedidos-eliminar al rol: Empleado
[2025-08-01 14:53:31] Usuario: Martin Schonberger (Rol: Administrador) Acción: El usuario revocó el permiso Pedidos-crear al rol: Empleado
[2025-08-01 14:53:31] Usuario: Martin Schonberger (Rol: Administrador) Acción: El usuario revocó el permiso Insumos-todos al rol: Empleado
[2025-08-01 14:53:31] Usuario: Martin Schonberger (Rol: Administrador) Acción: El usuario revocó el permiso Insumos-modificar al rol: Empleado
[2025-08-01 14:53:31] Usuario: Martin Schonberger (Rol: Administrador) Acción: El usuario revocó el permiso Recetas-todos al rol: Empleado
[2025-08-01 14:53:31] Usuario: Martin Schonberger (Rol: Administrador) Acción: El usuario revocó el permiso Recetas-eliminar al rol: Empleado
[2025-08-01 14:53:31] Usuario: Martin Schonberger (Rol: Administrador) Acción: El usuario revocó el permiso Proveedores-todos al rol: Empleado
[2025-08-01 14:53:31] Usuario: Martin Schonberger (Rol: Administrador) Acción: El usuario revocó el permiso Proveedores-ver al rol: Empleado
[2025-08-01 14:53:31] Usuario: Martin Schonberger (Rol: Administrador) Acción: El usuario revocó el permiso Clientes-todos al rol: Empleado
[2025-08-01 14:53:31] Usuario: Martin Schonberger (Rol: Administrador) Acción: El usuario revocó el permiso Clientes-modificar al rol: Empleado
[2025-08-01 14:53:31] Usuario: Martin Schonberger (Rol: Administrador) Acción: El usuario revocó el permiso Productos-ver al rol: Empleado
[2025-08-01 14:53:31] Usuario: Martin Schonberger (Rol: Administrador) Acción: El usuario revocó el permiso Proveedores-eliminar al rol: Empleado
[2025-08-01 14:53:31] Usuario: Martin Schonberger (Rol: Administrador) Acción: El usuario revocó el permiso Clientes-crear al rol: Empleado
[2025-08-01 14:53:31] Usuario: Martin Schonberger (Rol: Administrador) Acción: El usuario revocó el permiso Eventos-todos al rol: Empleado
[2025-08-01 14:53:31] Usuario: Martin Schonberger (Rol: Administrador) Acción: El usuario revocó el permiso Eventos-modificar al rol: Empleado
[2025-08-01 14:53:31] Usuario: Martin Schonberger (Rol: Administrador) Acción: El usuario revocó el permiso Eventos-crear al rol: Empleado
[2025-08-01 14:53:31] Usuario: Martin Schonberger (Rol: Administrador) Acción: El usuario revocó el permiso Stock-crear al rol: Empleado
[2025-08-01 14:53:31] Usuario: Martin Schonberger (Rol: Administrador) Acción: El usuario revocó el permiso Recetas-ver al rol: Empleado
[2025-08-01 14:53:31] Usuario: Martin Schonberger (Rol: Administrador) Acción: El usuario revocó el permiso Notificaciones-ver al rol: Empleado
[2025-08-01 14:53:31] Usuario: Martin Schonberger (Rol: Administrador) Acción: El usuario revocó el permiso Stock-ver al rol: Empleado
[2025-08-01 14:53:31] Usuario: Martin Schonberger (Rol: Administrador) Acción: El usuario revocó el permiso Sabores-todos al rol: Empleado
[2025-08-01 14:53:31] Usuario: Martin Schonberger (Rol: Administrador) Acción: El usuario revocó el permiso Sabores-eliminar al rol: Empleado
[2025-08-01 14:53:31] Usuario: Martin Schonberger (Rol: Administrador) Acción: El usuario revocó el permiso Sabores-ver al rol: Empleado
[2025-08-01 14:53:31] Usuario: Martin Schonberger (Rol: Administrador) Acción: El usuario revocó el permiso Pedidos-ver al rol: Empleado
[2025-08-01 14:53:31] Usuario: Martin Schonberger (Rol: Administrador) Acción: El usuario revocó el permiso Agenda-modificar al rol: Empleado
[2025-08-01 14:53:31] Usuario: Martin Schonberger (Rol: Administrador) Acción: El usuario revocó el permiso Clientes-eliminar al rol: Empleado
[2025-08-01 14:53:31] Usuario: Martin Schonberger (Rol: Administrador) Acción: El usuario revocó el permiso Insumos-eliminar al rol: Empleado
[2025-08-01 14:53:31] Usuario: Martin Schonberger (Rol: Administrador) Acción: El usuario revocó el permiso Eventos-ver al rol: Empleado
[2025-08-01 14:53:31] Usuario: Martin Schonberger (Rol: Administrador) Acción: El usuario revocó el permiso Pedidos-modificar al rol: Empleado
[2025-08-01 14:53:31] Usuario: Martin Schonberger (Rol: Administrador) Acción: El usuario revocó el permiso Productos-crear al rol: Empleado
[2025-08-01 14:53:31] Usuario: Martin Schonberger (Rol: Administrador) Acción: El usuario revocó el permiso Agenda-eliminar al rol: Empleado
[2025-08-01 14:53:31] Usuario: Martin Schonberger (Rol: Administrador) Acción: El usuario revocó el permiso Clientes-ver al rol: Empleado
[2025-08-01 14:53:31] Usuario: Martin Schonberger (Rol: Administrador) Acción: El usuario revocó el permiso Sabores-crear al rol: Empleado
[2025-08-01 14:53:31] Usuario: Martin Schonberger (Rol: Administrador) Acción: El usuario revocó el permiso Config. Empleados-eliminar al rol: Empleado
[2025-08-01 14:53:31] Usuario: Martin Schonberger (Rol: Administrador) Acción: El usuario revocó el permiso Recetas-crear al rol: Empleado
[2025-08-01 14:53:31] Usuario: Martin Schonberger (Rol: Administrador) Acción: El usuario revocó el permiso Insumos-crear al rol: Empleado
[2025-08-01 14:53:31] Usuario: Martin Schonberger (Rol: Administrador) Acción: El usuario revocó el permiso Sabores-modificar al rol: Empleado
[2025-08-01 14:53:31] Usuario: Martin Schonberger (Rol: Administrador) Acción: El usuario revocó el permiso Insumos-ver al rol: Empleado
[2025-08-01 14:53:31] Usuario: Martin Schonberger (Rol: Administrador) Acción: El usuario revocó el permiso Estadísticas-crear al rol: Empleado
[2025-08-01 14:53:31] Usuario: Martin Schonberger (Rol: Administrador) Acción: El usuario revocó el permiso Config. Empleados-crear al rol: Empleado
[2025-08-01 14:53:31] Usuario: Martin Schonberger (Rol: Administrador) Acción: El usuario revocó el permiso Proveedores-crear al rol: Empleado
[2025-08-01 14:53:31] Usuario: Martin Schonberger (Rol: Administrador) Acción: El usuario revocó el permiso Eventos-eliminar al rol: Empleado
[2025-08-01 14:53:31] Usuario: Martin Schonberger (Rol: Administrador) Acción: El usuario revocó el permiso Recetas-modificar al rol: Empleado
[2025-08-01 14:53:31] Usuario: Martin Schonberger (Rol: Administrador) Acción: El usuario revocó el permiso Proveedores-modificar al rol: Empleado
[2025-08-01 14:53:31] Usuario: Martin Schonberger (Rol: Administrador) Acción: El usuario revocó el permiso Estadísticas-ver al rol: Empleado
[2025-08-01 14:53:31] Usuario: Martin Schonberger (Rol: Administrador) Acción: Se cargaron permisos para el rol: Empleado
[2025-08-01 14:53:32] Usuario: Martin Schonberger (Rol: Administrador) Acción: Se cargaron permisos para el rol: Cajera
[2025-08-01 14:53:33] Usuario: Martin Schonberger (Rol: Administrador) Acción: El usuario ha iniciado sesión.
[2025-08-01 14:53:33] Usuario: Martin Schonberger (Rol: Administrador) Acción: El usuario regresó al menú principal.
[2025-08-01 14:53:35] Usuario: Martin Schonberger (Rol: Administrador) Acción: El usuario cerró sesión
[2025-08-01 14:53:39] Usuario: Julian Alvarez (Rol: Empleado) Acción: El usuario ha iniciado sesión.
[2025-08-01 14:53:43] Usuario: Julian Alvarez (Rol: Empleado) Acción: El usuario cerró sesión
[2025-08-01 14:53:50] Usuario: Martin Schonberger (Rol: Administrador) Acción: El usuario ha iniciado sesión.
[2025-08-01 14:53:52] Usuario: Martin Schonberger (Rol: Administrador) Acción: El usuario accedió a la sección de Configuración
[2025-08-01 14:53:56] Usuario: Martin Schonberger (Rol: Administrador) Acción: El usuario accedió a la pantalla de gestión de roles.
[2025-08-01 14:53:56] Usuario: Martin Schonberger (Rol: Administrador) Acción: Roles cargados desde la base de datos: 3 roles disponibles.
[2025-08-01 14:53:56] Usuario: Martin Schonberger (Rol: Administrador) Acción: No se seleccionó ningún rol. Los permisos han sido deshabilitados.
[2025-08-01 14:53:56] Usuario: Martin Schonberger (Rol: Administrador) Acción: El usuario accedió a la ventana de control de roles y permisos para gestionar los privilegios de los usuarios.
[2025-08-01 14:54:00] Usuario: Martin Schonberger (Rol: Administrador) Acción: Se cargaron permisos para el rol: Empleado
[2025-08-01 14:54:00] Usuario: Martin Schonberger (Rol: Administrador) Acción: El usuario asignó el permiso Eventos-ver al rol: Empleado
[2025-08-01 14:54:01] Usuario: Martin Schonberger (Rol: Administrador) Acción: El usuario asignó el permiso Pedidos-ver al rol: Empleado
[2025-08-01 14:54:01] Usuario: Martin Schonberger (Rol: Administrador) Acción: El usuario asignó el permiso Recetas-ver al rol: Empleado
[2025-08-01 14:54:02] Usuario: Martin Schonberger (Rol: Administrador) Acción: El usuario asignó el permiso Productos-ver al rol: Empleado
[2025-08-01 14:54:02] Usuario: Martin Schonberger (Rol: Administrador) Acción: El usuario asignó el permiso Proveedores-ver al rol: Empleado
[2025-08-01 14:54:03] Usuario: Martin Schonberger (Rol: Administrador) Acción: El usuario asignó el permiso Agenda-ver al rol: Empleado
[2025-08-01 14:54:03] Usuario: Martin Schonberger (Rol: Administrador) Acción: El usuario asignó el permiso Insumos-ver al rol: Empleado
[2025-08-01 14:54:05] Usuario: Martin Schonberger (Rol: Administrador) Acción: El usuario asignó el permiso Clientes-ver al rol: Empleado
[2025-08-01 14:54:05] Usuario: Martin Schonberger (Rol: Administrador) Acción: El usuario asignó el permiso Sabores-ver al rol: Empleado
[2025-08-01 14:54:06] Usuario: Martin Schonberger (Rol: Administrador) Acción: El usuario asignó el permiso Config. Empleados-ver al rol: Empleado
[2025-08-01 14:54:06] Usuario: Martin Schonberger (Rol: Administrador) Acción: El usuario asignó el permiso Stock-ver al rol: Empleado
[2025-08-01 14:54:07] Usuario: Martin Schonberger (Rol: Administrador) Acción: El usuario asignó el permiso Estadísticas-ver al rol: Empleado
[2025-08-01 14:54:07] Usuario: Martin Schonberger (Rol: Administrador) Acción: El usuario asignó el permiso Notificaciones-ver al rol: Empleado
[2025-08-01 14:54:08] Usuario: Martin Schonberger (Rol: Administrador) Acción: El usuario asignó el permiso Settings-ver al rol: Empleado
[2025-08-01 14:54:09] Usuario: Martin Schonberger (Rol: Administrador) Acción: El usuario ha iniciado sesión.
[2025-08-01 14:54:09] Usuario: Martin Schonberger (Rol: Administrador) Acción: El usuario regresó al menú principal.
[2025-08-01 14:54:11] Usuario: Martin Schonberger (Rol: Administrador) Acción: El usuario accedió a la sección de Configuración
[2025-08-01 14:54:12] Usuario: Martin Schonberger (Rol: Administrador) Acción: El usuario accedió a la pantalla de gestión de roles.
[2025-08-01 14:54:12] Usuario: Martin Schonberger (Rol: Administrador) Acción: Roles cargados desde la base de datos: 3 roles disponibles.
[2025-08-01 14:54:12] Usuario: Martin Schonberger (Rol: Administrador) Acción: No se seleccionó ningún rol. Los permisos han sido deshabilitados.
[2025-08-01 14:54:12] Usuario: Martin Schonberger (Rol: Administrador) Acción: El usuario accedió a la ventana de control de roles y permisos para gestionar los privilegios de los usuarios.
[2025-08-01 14:54:14] Usuario: Martin Schonberger (Rol: Administrador) Acción: El usuario asignó el permiso Eventos-ver al rol: Empleado
[2025-08-01 14:54:14] Usuario: Martin Schonberger (Rol: Administrador) Acción: El usuario asignó el permiso Pedidos-ver al rol: Empleado
[2025-08-01 14:54:14] Usuario: Martin Schonberger (Rol: Administrador) Acción: El usuario asignó el permiso Recetas-ver al rol: Empleado
[2025-08-01 14:54:14] Usuario: Martin Schonberger (Rol: Administrador) Acción: El usuario asignó el permiso Productos-ver al rol: Empleado
[2025-08-01 14:54:14] Usuario: Martin Schonberger (Rol: Administrador) Acción: El usuario asignó el permiso Proveedores-ver al rol: Empleado
[2025-08-01 14:54:14] Usuario: Martin Schonberger (Rol: Administrador) Acción: El usuario asignó el permiso Agenda-ver al rol: Empleado
[2025-08-01 14:54:14] Usuario: Martin Schonberger (Rol: Administrador) Acción: El usuario asignó el permiso Insumos-ver al rol: Empleado
[2025-08-01 14:54:14] Usuario: Martin Schonberger (Rol: Administrador) Acción: El usuario asignó el permiso Clientes-ver al rol: Empleado
[2025-08-01 14:54:14] Usuario: Martin Schonberger (Rol: Administrador) Acción: El usuario asignó el permiso Sabores-ver al rol: Empleado
[2025-08-01 14:54:14] Usuario: Martin Schonberger (Rol: Administrador) Acción: El usuario asignó el permiso Config. Empleados-ver al rol: Empleado
[2025-08-01 14:54:14] Usuario: Martin Schonberger (Rol: Administrador) Acción: El usuario asignó el permiso Stock-ver al rol: Empleado
[2025-08-01 14:54:14] Usuario: Martin Schonberger (Rol: Administrador) Acción: El usuario asignó el permiso Estadísticas-ver al rol: Empleado
[2025-08-01 14:54:14] Usuario: Martin Schonberger (Rol: Administrador) Acción: El usuario asignó el permiso Notificaciones-ver al rol: Empleado
[2025-08-01 14:54:14] Usuario: Martin Schonberger (Rol: Administrador) Acción: El usuario asignó el permiso Settings-ver al rol: Empleado
[2025-08-01 14:54:14] Usuario: Martin Schonberger (Rol: Administrador) Acción: Se cargaron permisos para el rol: Empleado
[2025-08-01 14:54:15] Usuario: Martin Schonberger (Rol: Administrador) Acción: El usuario revocó el permiso Agenda-ver al rol: Cajera
[2025-08-01 14:54:15] Usuario: Martin Schonberger (Rol: Administrador) Acción: El usuario revocó el permiso Settings-ver al rol: Cajera
[2025-08-01 14:54:15] Usuario: Martin Schonberger (Rol: Administrador) Acción: El usuario revocó el permiso Config. Empleados-ver al rol: Cajera
[2025-08-01 14:54:15] Usuario: Martin Schonberger (Rol: Administrador) Acción: El usuario revocó el permiso Proveedores-ver al rol: Cajera
[2025-08-01 14:54:15] Usuario: Martin Schonberger (Rol: Administrador) Acción: El usuario revocó el permiso Productos-ver al rol: Cajera
[2025-08-01 14:54:15] Usuario: Martin Schonberger (Rol: Administrador) Acción: El usuario revocó el permiso Recetas-ver al rol: Cajera
[2025-08-01 14:54:15] Usuario: Martin Schonberger (Rol: Administrador) Acción: El usuario revocó el permiso Notificaciones-ver al rol: Cajera
[2025-08-01 14:54:15] Usuario: Martin Schonberger (Rol: Administrador) Acción: El usuario revocó el permiso Stock-ver al rol: Cajera
[2025-08-01 14:54:15] Usuario: Martin Schonberger (Rol: Administrador) Acción: El usuario revocó el permiso Sabores-ver al rol: Cajera
[2025-08-01 14:54:15] Usuario: Martin Schonberger (Rol: Administrador) Acción: El usuario revocó el permiso Pedidos-ver al rol: Cajera
[2025-08-01 14:54:15] Usuario: Martin Schonberger (Rol: Administrador) Acción: El usuario revocó el permiso Eventos-ver al rol: Cajera
[2025-08-01 14:54:15] Usuario: Martin Schonberger (Rol: Administrador) Acción: El usuario revocó el permiso Clientes-ver al rol: Cajera
[2025-08-01 14:54:15] Usuario: Martin Schonberger (Rol: Administrador) Acción: El usuario revocó el permiso Insumos-ver al rol: Cajera
[2025-08-01 14:54:15] Usuario: Martin Schonberger (Rol: Administrador) Acción: El usuario revocó el permiso Estadísticas-ver al rol: Cajera
[2025-08-01 14:54:15] Usuario: Martin Schonberger (Rol: Administrador) Acción: Se cargaron permisos para el rol: Cajera
[2025-08-01 14:54:16] Usuario: Martin Schonberger (Rol: Administrador) Acción: El usuario asignó el permiso Eventos-ver al rol: Empleado
[2025-08-01 14:54:16] Usuario: Martin Schonberger (Rol: Administrador) Acción: El usuario asignó el permiso Pedidos-ver al rol: Empleado
[2025-08-01 14:54:16] Usuario: Martin Schonberger (Rol: Administrador) Acción: El usuario asignó el permiso Recetas-ver al rol: Empleado
[2025-08-01 14:54:16] Usuario: Martin Schonberger (Rol: Administrador) Acción: El usuario asignó el permiso Productos-ver al rol: Empleado
[2025-08-01 14:54:16] Usuario: Martin Schonberger (Rol: Administrador) Acción: El usuario asignó el permiso Proveedores-ver al rol: Empleado
[2025-08-01 14:54:16] Usuario: Martin Schonberger (Rol: Administrador) Acción: El usuario asignó el permiso Agenda-ver al rol: Empleado
[2025-08-01 14:54:16] Usuario: Martin Schonberger (Rol: Administrador) Acción: El usuario asignó el permiso Insumos-ver al rol: Empleado
[2025-08-01 14:54:16] Usuario: Martin Schonberger (Rol: Administrador) Acción: El usuario asignó el permiso Clientes-ver al rol: Empleado
[2025-08-01 14:54:16] Usuario: Martin Schonberger (Rol: Administrador) Acción: El usuario asignó el permiso Sabores-ver al rol: Empleado
[2025-08-01 14:54:16] Usuario: Martin Schonberger (Rol: Administrador) Acción: El usuario asignó el permiso Config. Empleados-ver al rol: Empleado
[2025-08-01 14:54:16] Usuario: Martin Schonberger (Rol: Administrador) Acción: El usuario asignó el permiso Stock-ver al rol: Empleado
[2025-08-01 14:54:16] Usuario: Martin Schonberger (Rol: Administrador) Acción: El usuario asignó el permiso Estadísticas-ver al rol: Empleado
[2025-08-01 14:54:16] Usuario: Martin Schonberger (Rol: Administrador) Acción: El usuario asignó el permiso Notificaciones-ver al rol: Empleado
[2025-08-01 14:54:16] Usuario: Martin Schonberger (Rol: Administrador) Acción: El usuario asignó el permiso Settings-ver al rol: Empleado
[2025-08-01 14:54:16] Usuario: Martin Schonberger (Rol: Administrador) Acción: Se cargaron permisos para el rol: Empleado
[2025-08-01 14:54:17] Usuario: Martin Schonberger (Rol: Administrador) Acción: Se activaron todos los permisos para el rol Administrador.
[2025-08-01 14:54:18] Usuario: Martin Schonberger (Rol: Administrador) Acción: El usuario revocó el permiso Agenda-todos al rol: Empleado
[2025-08-01 14:54:18] Usuario: Martin Schonberger (Rol: Administrador) Acción: El usuario revocó el permiso Agenda-crear al rol: Empleado
[2025-08-01 14:54:18] Usuario: Martin Schonberger (Rol: Administrador) Acción: El usuario revocó el permiso Agenda-ver al rol: Empleado
[2025-08-01 14:54:18] Usuario: Martin Schonberger (Rol: Administrador) Acción: El usuario revocó el permiso Productos-todos al rol: Empleado
[2025-08-01 14:54:18] Usuario: Martin Schonberger (Rol: Administrador) Acción: El usuario revocó el permiso Productos-eliminar al rol: Empleado
[2025-08-01 14:54:18] Usuario: Martin Schonberger (Rol: Administrador) Acción: El usuario revocó el permiso Config. Empleados-todos al rol: Empleado
[2025-08-01 14:54:18] Usuario: Martin Schonberger (Rol: Administrador) Acción: El usuario revocó el permiso Config. Empleados-modificar al rol: Empleado
[2025-08-01 14:54:18] Usuario: Martin Schonberger (Rol: Administrador) Acción: El usuario revocó el permiso Settings-ver al rol: Empleado
[2025-08-01 14:54:18] Usuario: Martin Schonberger (Rol: Administrador) Acción: El usuario revocó el permiso Config. Empleados-ver al rol: Empleado
[2025-08-01 14:54:18] Usuario: Martin Schonberger (Rol: Administrador) Acción: El usuario revocó el permiso Productos-modificar al rol: Empleado
[2025-08-01 14:54:18] Usuario: Martin Schonberger (Rol: Administrador) Acción: El usuario revocó el permiso Pedidos-todos al rol: Empleado
[2025-08-01 14:54:18] Usuario: Martin Schonberger (Rol: Administrador) Acción: El usuario revocó el permiso Pedidos-eliminar al rol: Empleado
[2025-08-01 14:54:18] Usuario: Martin Schonberger (Rol: Administrador) Acción: El usuario revocó el permiso Pedidos-crear al rol: Empleado
[2025-08-01 14:54:18] Usuario: Martin Schonberger (Rol: Administrador) Acción: El usuario revocó el permiso Insumos-todos al rol: Empleado
[2025-08-01 14:54:18] Usuario: Martin Schonberger (Rol: Administrador) Acción: El usuario revocó el permiso Insumos-modificar al rol: Empleado
[2025-08-01 14:54:18] Usuario: Martin Schonberger (Rol: Administrador) Acción: El usuario revocó el permiso Recetas-todos al rol: Empleado
[2025-08-01 14:54:18] Usuario: Martin Schonberger (Rol: Administrador) Acción: El usuario revocó el permiso Recetas-eliminar al rol: Empleado
[2025-08-01 14:54:18] Usuario: Martin Schonberger (Rol: Administrador) Acción: El usuario revocó el permiso Proveedores-todos al rol: Empleado
[2025-08-01 14:54:18] Usuario: Martin Schonberger (Rol: Administrador) Acción: El usuario revocó el permiso Proveedores-ver al rol: Empleado
[2025-08-01 14:54:18] Usuario: Martin Schonberger (Rol: Administrador) Acción: El usuario revocó el permiso Clientes-todos al rol: Empleado
[2025-08-01 14:54:18] Usuario: Martin Schonberger (Rol: Administrador) Acción: El usuario revocó el permiso Clientes-modificar al rol: Empleado
[2025-08-01 14:54:18] Usuario: Martin Schonberger (Rol: Administrador) Acción: El usuario revocó el permiso Productos-ver al rol: Empleado
[2025-08-01 14:54:18] Usuario: Martin Schonberger (Rol: Administrador) Acción: El usuario revocó el permiso Proveedores-eliminar al rol: Empleado
[2025-08-01 14:54:18] Usuario: Martin Schonberger (Rol: Administrador) Acción: El usuario revocó el permiso Clientes-crear al rol: Empleado
[2025-08-01 14:54:18] Usuario: Martin Schonberger (Rol: Administrador) Acción: El usuario revocó el permiso Eventos-todos al rol: Empleado
[2025-08-01 14:54:18] Usuario: Martin Schonberger (Rol: Administrador) Acción: El usuario revocó el permiso Eventos-modificar al rol: Empleado
[2025-08-01 14:54:18] Usuario: Martin Schonberger (Rol: Administrador) Acción: El usuario revocó el permiso Eventos-crear al rol: Empleado
[2025-08-01 14:54:18] Usuario: Martin Schonberger (Rol: Administrador) Acción: El usuario revocó el permiso Stock-crear al rol: Empleado
[2025-08-01 14:54:18] Usuario: Martin Schonberger (Rol: Administrador) Acción: El usuario revocó el permiso Recetas-ver al rol: Empleado
[2025-08-01 14:54:18] Usuario: Martin Schonberger (Rol: Administrador) Acción: El usuario revocó el permiso Notificaciones-ver al rol: Empleado
[2025-08-01 14:54:18] Usuario: Martin Schonberger (Rol: Administrador) Acción: El usuario revocó el permiso Stock-ver al rol: Empleado
[2025-08-01 14:54:18] Usuario: Martin Schonberger (Rol: Administrador) Acción: El usuario revocó el permiso Sabores-todos al rol: Empleado
[2025-08-01 14:54:18] Usuario: Martin Schonberger (Rol: Administrador) Acción: El usuario revocó el permiso Sabores-eliminar al rol: Empleado
[2025-08-01 14:54:18] Usuario: Martin Schonberger (Rol: Administrador) Acción: El usuario revocó el permiso Sabores-ver al rol: Empleado
[2025-08-01 14:54:18] Usuario: Martin Schonberger (Rol: Administrador) Acción: El usuario revocó el permiso Pedidos-ver al rol: Empleado
[2025-08-01 14:54:18] Usuario: Martin Schonberger (Rol: Administrador) Acción: El usuario revocó el permiso Agenda-modificar al rol: Empleado
[2025-08-01 14:54:18] Usuario: Martin Schonberger (Rol: Administrador) Acción: El usuario revocó el permiso Clientes-eliminar al rol: Empleado
[2025-08-01 14:54:18] Usuario: Martin Schonberger (Rol: Administrador) Acción: El usuario revocó el permiso Insumos-eliminar al rol: Empleado
[2025-08-01 14:54:18] Usuario: Martin Schonberger (Rol: Administrador) Acción: El usuario revocó el permiso Eventos-ver al rol: Empleado
[2025-08-01 14:54:18] Usuario: Martin Schonberger (Rol: Administrador) Acción: El usuario revocó el permiso Pedidos-modificar al rol: Empleado
[2025-08-01 14:54:18] Usuario: Martin Schonberger (Rol: Administrador) Acción: El usuario revocó el permiso Productos-crear al rol: Empleado
[2025-08-01 14:54:18] Usuario: Martin Schonberger (Rol: Administrador) Acción: El usuario revocó el permiso Agenda-eliminar al rol: Empleado
[2025-08-01 14:54:18] Usuario: Martin Schonberger (Rol: Administrador) Acción: El usuario revocó el permiso Clientes-ver al rol: Empleado
[2025-08-01 14:54:18] Usuario: Martin Schonberger (Rol: Administrador) Acción: El usuario revocó el permiso Sabores-crear al rol: Empleado
[2025-08-01 14:54:18] Usuario: Martin Schonberger (Rol: Administrador) Acción: El usuario revocó el permiso Config. Empleados-eliminar al rol: Empleado
[2025-08-01 14:54:18] Usuario: Martin Schonberger (Rol: Administrador) Acción: El usuario revocó el permiso Recetas-crear al rol: Empleado
[2025-08-01 14:54:18] Usuario: Martin Schonberger (Rol: Administrador) Acción: El usuario revocó el permiso Insumos-crear al rol: Empleado
[2025-08-01 14:54:18] Usuario: Martin Schonberger (Rol: Administrador) Acción: El usuario revocó el permiso Sabores-modificar al rol: Empleado
[2025-08-01 14:54:18] Usuario: Martin Schonberger (Rol: Administrador) Acción: El usuario revocó el permiso Insumos-ver al rol: Empleado
[2025-08-01 14:54:18] Usuario: Martin Schonberger (Rol: Administrador) Acción: El usuario revocó el permiso Estadísticas-crear al rol: Empleado
[2025-08-01 14:54:18] Usuario: Martin Schonberger (Rol: Administrador) Acción: El usuario revocó el permiso Config. Empleados-crear al rol: Empleado
[2025-08-01 14:54:18] Usuario: Martin Schonberger (Rol: Administrador) Acción: El usuario revocó el permiso Proveedores-crear al rol: Empleado
[2025-08-01 14:54:18] Usuario: Martin Schonberger (Rol: Administrador) Acción: El usuario revocó el permiso Eventos-eliminar al rol: Empleado
[2025-08-01 14:54:18] Usuario: Martin Schonberger (Rol: Administrador) Acción: El usuario revocó el permiso Recetas-modificar al rol: Empleado
[2025-08-01 14:54:18] Usuario: Martin Schonberger (Rol: Administrador) Acción: El usuario revocó el permiso Proveedores-modificar al rol: Empleado
[2025-08-01 14:54:18] Usuario: Martin Schonberger (Rol: Administrador) Acción: El usuario revocó el permiso Estadísticas-ver al rol: Empleado
[2025-08-01 14:54:18] Usuario: Martin Schonberger (Rol: Administrador) Acción: Se cargaron permisos para el rol: Empleado
[2025-08-01 14:54:19] Usuario: Martin Schonberger (Rol: Administrador) Acción: Se activaron todos los permisos para el rol Administrador.
[2025-08-01 14:54:21] Usuario: Martin Schonberger (Rol: Administrador) Acción: El usuario revocó el permiso Agenda-todos al rol: Empleado
[2025-08-01 14:54:21] Usuario: Martin Schonberger (Rol: Administrador) Acción: El usuario revocó el permiso Agenda-crear al rol: Empleado
[2025-08-01 14:54:21] Usuario: Martin Schonberger (Rol: Administrador) Acción: El usuario revocó el permiso Agenda-ver al rol: Empleado
[2025-08-01 14:54:21] Usuario: Martin Schonberger (Rol: Administrador) Acción: El usuario revocó el permiso Productos-todos al rol: Empleado
[2025-08-01 14:54:21] Usuario: Martin Schonberger (Rol: Administrador) Acción: El usuario revocó el permiso Productos-eliminar al rol: Empleado
[2025-08-01 14:54:21] Usuario: Martin Schonberger (Rol: Administrador) Acción: El usuario revocó el permiso Config. Empleados-todos al rol: Empleado
[2025-08-01 14:54:21] Usuario: Martin Schonberger (Rol: Administrador) Acción: El usuario revocó el permiso Config. Empleados-modificar al rol: Empleado
[2025-08-01 14:54:21] Usuario: Martin Schonberger (Rol: Administrador) Acción: El usuario revocó el permiso Settings-ver al rol: Empleado
[2025-08-01 14:54:21] Usuario: Martin Schonberger (Rol: Administrador) Acción: El usuario revocó el permiso Config. Empleados-ver al rol: Empleado
[2025-08-01 14:54:21] Usuario: Martin Schonberger (Rol: Administrador) Acción: El usuario revocó el permiso Productos-modificar al rol: Empleado
[2025-08-01 14:54:21] Usuario: Martin Schonberger (Rol: Administrador) Acción: El usuario revocó el permiso Pedidos-todos al rol: Empleado
[2025-08-01 14:54:21] Usuario: Martin Schonberger (Rol: Administrador) Acción: El usuario revocó el permiso Pedidos-eliminar al rol: Empleado
[2025-08-01 14:54:21] Usuario: Martin Schonberger (Rol: Administrador) Acción: El usuario revocó el permiso Pedidos-crear al rol: Empleado
[2025-08-01 14:54:21] Usuario: Martin Schonberger (Rol: Administrador) Acción: El usuario revocó el permiso Insumos-todos al rol: Empleado
[2025-08-01 14:54:21] Usuario: Martin Schonberger (Rol: Administrador) Acción: El usuario revocó el permiso Insumos-modificar al rol: Empleado
[2025-08-01 14:54:21] Usuario: Martin Schonberger (Rol: Administrador) Acción: El usuario revocó el permiso Recetas-todos al rol: Empleado
[2025-08-01 14:54:21] Usuario: Martin Schonberger (Rol: Administrador) Acción: El usuario revocó el permiso Recetas-eliminar al rol: Empleado
[2025-08-01 14:54:21] Usuario: Martin Schonberger (Rol: Administrador) Acción: El usuario revocó el permiso Proveedores-todos al rol: Empleado
[2025-08-01 14:54:21] Usuario: Martin Schonberger (Rol: Administrador) Acción: El usuario revocó el permiso Proveedores-ver al rol: Empleado
[2025-08-01 14:54:21] Usuario: Martin Schonberger (Rol: Administrador) Acción: El usuario revocó el permiso Clientes-todos al rol: Empleado
[2025-08-01 14:54:21] Usuario: Martin Schonberger (Rol: Administrador) Acción: El usuario revocó el permiso Clientes-modificar al rol: Empleado
[2025-08-01 14:54:21] Usuario: Martin Schonberger (Rol: Administrador) Acción: El usuario revocó el permiso Productos-ver al rol: Empleado
[2025-08-01 14:54:21] Usuario: Martin Schonberger (Rol: Administrador) Acción: El usuario revocó el permiso Proveedores-eliminar al rol: Empleado
[2025-08-01 14:54:21] Usuario: Martin Schonberger (Rol: Administrador) Acción: El usuario revocó el permiso Clientes-crear al rol: Empleado
[2025-08-01 14:54:21] Usuario: Martin Schonberger (Rol: Administrador) Acción: El usuario revocó el permiso Eventos-todos al rol: Empleado
[2025-08-01 14:54:21] Usuario: Martin Schonberger (Rol: Administrador) Acción: El usuario revocó el permiso Eventos-modificar al rol: Empleado
[2025-08-01 14:54:21] Usuario: Martin Schonberger (Rol: Administrador) Acción: El usuario revocó el permiso Eventos-crear al rol: Empleado
[2025-08-01 14:54:21] Usuario: Martin Schonberger (Rol: Administrador) Acción: El usuario revocó el permiso Stock-crear al rol: Empleado
[2025-08-01 14:54:21] Usuario: Martin Schonberger (Rol: Administrador) Acción: El usuario revocó el permiso Recetas-ver al rol: Empleado
[2025-08-01 14:54:21] Usuario: Martin Schonberger (Rol: Administrador) Acción: El usuario revocó el permiso Notificaciones-ver al rol: Empleado
[2025-08-01 14:54:21] Usuario: Martin Schonberger (Rol: Administrador) Acción: El usuario revocó el permiso Stock-ver al rol: Empleado
[2025-08-01 14:54:21] Usuario: Martin Schonberger (Rol: Administrador) Acción: El usuario revocó el permiso Sabores-todos al rol: Empleado
[2025-08-01 14:54:21] Usuario: Martin Schonberger (Rol: Administrador) Acción: El usuario revocó el permiso Sabores-eliminar al rol: Empleado
[2025-08-01 14:54:21] Usuario: Martin Schonberger (Rol: Administrador) Acción: El usuario revocó el permiso Sabores-ver al rol: Empleado
[2025-08-01 14:54:21] Usuario: Martin Schonberger (Rol: Administrador) Acción: El usuario revocó el permiso Pedidos-ver al rol: Empleado
[2025-08-01 14:54:21] Usuario: Martin Schonberger (Rol: Administrador) Acción: El usuario revocó el permiso Agenda-modificar al rol: Empleado
[2025-08-01 14:54:21] Usuario: Martin Schonberger (Rol: Administrador) Acción: El usuario revocó el permiso Clientes-eliminar al rol: Empleado
[2025-08-01 14:54:21] Usuario: Martin Schonberger (Rol: Administrador) Acción: El usuario revocó el permiso Insumos-eliminar al rol: Empleado
[2025-08-01 14:54:21] Usuario: Martin Schonberger (Rol: Administrador) Acción: El usuario revocó el permiso Eventos-ver al rol: Empleado
[2025-08-01 14:54:21] Usuario: Martin Schonberger (Rol: Administrador) Acción: El usuario revocó el permiso Pedidos-modificar al rol: Empleado
[2025-08-01 14:54:21] Usuario: Martin Schonberger (Rol: Administrador) Acción: El usuario revocó el permiso Productos-crear al rol: Empleado
[2025-08-01 14:54:21] Usuario: Martin Schonberger (Rol: Administrador) Acción: El usuario revocó el permiso Agenda-eliminar al rol: Empleado
[2025-08-01 14:54:21] Usuario: Martin Schonberger (Rol: Administrador) Acción: El usuario revocó el permiso Clientes-ver al rol: Empleado
[2025-08-01 14:54:21] Usuario: Martin Schonberger (Rol: Administrador) Acción: El usuario revocó el permiso Sabores-crear al rol: Empleado
[2025-08-01 14:54:21] Usuario: Martin Schonberger (Rol: Administrador) Acción: El usuario revocó el permiso Config. Empleados-eliminar al rol: Empleado
[2025-08-01 14:54:21] Usuario: Martin Schonberger (Rol: Administrador) Acción: El usuario revocó el permiso Recetas-crear al rol: Empleado
[2025-08-01 14:54:21] Usuario: Martin Schonberger (Rol: Administrador) Acción: El usuario revocó el permiso Insumos-crear al rol: Empleado
[2025-08-01 14:54:21] Usuario: Martin Schonberger (Rol: Administrador) Acción: El usuario revocó el permiso Sabores-modificar al rol: Empleado
[2025-08-01 14:54:21] Usuario: Martin Schonberger (Rol: Administrador) Acción: El usuario revocó el permiso Insumos-ver al rol: Empleado
[2025-08-01 14:54:21] Usuario: Martin Schonberger (Rol: Administrador) Acción: El usuario revocó el permiso Estadísticas-crear al rol: Empleado
[2025-08-01 14:54:21] Usuario: Martin Schonberger (Rol: Administrador) Acción: El usuario revocó el permiso Config. Empleados-crear al rol: Empleado
[2025-08-01 14:54:21] Usuario: Martin Schonberger (Rol: Administrador) Acción: El usuario revocó el permiso Proveedores-crear al rol: Empleado
[2025-08-01 14:54:21] Usuario: Martin Schonberger (Rol: Administrador) Acción: El usuario revocó el permiso Eventos-eliminar al rol: Empleado
[2025-08-01 14:54:21] Usuario: Martin Schonberger (Rol: Administrador) Acción: El usuario revocó el permiso Recetas-modificar al rol: Empleado
[2025-08-01 14:54:21] Usuario: Martin Schonberger (Rol: Administrador) Acción: El usuario revocó el permiso Proveedores-modificar al rol: Empleado
[2025-08-01 14:54:21] Usuario: Martin Schonberger (Rol: Administrador) Acción: El usuario revocó el permiso Estadísticas-ver al rol: Empleado
[2025-08-01 14:54:21] Usuario: Martin Schonberger (Rol: Administrador) Acción: Se cargaron permisos para el rol: Empleado
[2025-08-01 14:58:07] Usuario: null (Rol: Sin rol) Acción: Intento de login fallido: contraseña incorrecta (DNI: 44280200)
[2025-08-01 14:58:23] Usuario: Martin Schonberger (Rol: Administrador) Acción: El usuario ha iniciado sesión.
[2025-08-01 14:58:26] Usuario: Martin Schonberger (Rol: Administrador) Acción: El usuario accedió a la sección de Configuración
[2025-08-01 14:58:34] Usuario: Martin Schonberger (Rol: Administrador) Acción: El usuario accedió a la pantalla de gestión de roles.
[2025-08-01 14:58:34] Usuario: Martin Schonberger (Rol: Administrador) Acción: Roles cargados desde la base de datos: 3 roles disponibles.
[2025-08-01 14:58:34] Usuario: Martin Schonberger (Rol: Administrador) Acción: No se seleccionó ningún rol. Los permisos han sido deshabilitados.
[2025-08-01 14:58:34] Usuario: Martin Schonberger (Rol: Administrador) Acción: El usuario accedió a la ventana de control de roles y permisos para gestionar los privilegios de los usuarios.
[2025-08-01 14:58:35] Usuario: Martin Schonberger (Rol: Administrador) Acción: Se activaron todos los permisos para el rol Administrador.
[2025-08-01 14:58:36] Usuario: Martin Schonberger (Rol: Administrador) Acción: El usuario revocó el permiso Agenda-todos al rol: Empleado
[2025-08-01 14:58:36] Usuario: Martin Schonberger (Rol: Administrador) Acción: El usuario revocó el permiso Agenda-crear al rol: Empleado
[2025-08-01 14:58:36] Usuario: Martin Schonberger (Rol: Administrador) Acción: El usuario revocó el permiso Agenda-ver al rol: Empleado
[2025-08-01 14:58:36] Usuario: Martin Schonberger (Rol: Administrador) Acción: El usuario revocó el permiso Productos-todos al rol: Empleado
[2025-08-01 14:58:36] Usuario: Martin Schonberger (Rol: Administrador) Acción: El usuario revocó el permiso Productos-eliminar al rol: Empleado
[2025-08-01 14:58:36] Usuario: Martin Schonberger (Rol: Administrador) Acción: El usuario revocó el permiso Config. Empleados-todos al rol: Empleado
[2025-08-01 14:58:36] Usuario: Martin Schonberger (Rol: Administrador) Acción: El usuario revocó el permiso Config. Empleados-modificar al rol: Empleado
[2025-08-01 14:58:36] Usuario: Martin Schonberger (Rol: Administrador) Acción: El usuario revocó el permiso Settings-ver al rol: Empleado
[2025-08-01 14:58:36] Usuario: Martin Schonberger (Rol: Administrador) Acción: El usuario revocó el permiso Config. Empleados-ver al rol: Empleado
[2025-08-01 14:58:36] Usuario: Martin Schonberger (Rol: Administrador) Acción: El usuario revocó el permiso Productos-modificar al rol: Empleado
[2025-08-01 14:58:36] Usuario: Martin Schonberger (Rol: Administrador) Acción: El usuario revocó el permiso Pedidos-todos al rol: Empleado
[2025-08-01 14:58:36] Usuario: Martin Schonberger (Rol: Administrador) Acción: El usuario revocó el permiso Pedidos-eliminar al rol: Empleado
[2025-08-01 14:58:36] Usuario: Martin Schonberger (Rol: Administrador) Acción: El usuario revocó el permiso Pedidos-crear al rol: Empleado
[2025-08-01 14:58:36] Usuario: Martin Schonberger (Rol: Administrador) Acción: El usuario revocó el permiso Insumos-todos al rol: Empleado
[2025-08-01 14:58:36] Usuario: Martin Schonberger (Rol: Administrador) Acción: El usuario revocó el permiso Insumos-modificar al rol: Empleado
[2025-08-01 14:58:36] Usuario: Martin Schonberger (Rol: Administrador) Acción: El usuario revocó el permiso Recetas-todos al rol: Empleado
[2025-08-01 14:58:36] Usuario: Martin Schonberger (Rol: Administrador) Acción: El usuario revocó el permiso Recetas-eliminar al rol: Empleado
[2025-08-01 14:58:36] Usuario: Martin Schonberger (Rol: Administrador) Acción: El usuario revocó el permiso Proveedores-todos al rol: Empleado
[2025-08-01 14:58:36] Usuario: Martin Schonberger (Rol: Administrador) Acción: El usuario revocó el permiso Proveedores-ver al rol: Empleado
[2025-08-01 14:58:36] Usuario: Martin Schonberger (Rol: Administrador) Acción: El usuario revocó el permiso Clientes-todos al rol: Empleado
[2025-08-01 14:58:36] Usuario: Martin Schonberger (Rol: Administrador) Acción: El usuario revocó el permiso Clientes-modificar al rol: Empleado
[2025-08-01 14:58:36] Usuario: Martin Schonberger (Rol: Administrador) Acción: El usuario revocó el permiso Productos-ver al rol: Empleado
[2025-08-01 14:58:36] Usuario: Martin Schonberger (Rol: Administrador) Acción: El usuario revocó el permiso Proveedores-eliminar al rol: Empleado
[2025-08-01 14:58:36] Usuario: Martin Schonberger (Rol: Administrador) Acción: El usuario revocó el permiso Clientes-crear al rol: Empleado
[2025-08-01 14:58:36] Usuario: Martin Schonberger (Rol: Administrador) Acción: El usuario revocó el permiso Eventos-todos al rol: Empleado
[2025-08-01 14:58:36] Usuario: Martin Schonberger (Rol: Administrador) Acción: El usuario revocó el permiso Eventos-modificar al rol: Empleado
[2025-08-01 14:58:36] Usuario: Martin Schonberger (Rol: Administrador) Acción: El usuario revocó el permiso Eventos-crear al rol: Empleado
[2025-08-01 14:58:36] Usuario: Martin Schonberger (Rol: Administrador) Acción: El usuario revocó el permiso Stock-crear al rol: Empleado
[2025-08-01 14:58:36] Usuario: Martin Schonberger (Rol: Administrador) Acción: El usuario revocó el permiso Recetas-ver al rol: Empleado
[2025-08-01 14:58:36] Usuario: Martin Schonberger (Rol: Administrador) Acción: El usuario revocó el permiso Notificaciones-ver al rol: Empleado
[2025-08-01 14:58:36] Usuario: Martin Schonberger (Rol: Administrador) Acción: El usuario revocó el permiso Stock-ver al rol: Empleado
[2025-08-01 14:58:36] Usuario: Martin Schonberger (Rol: Administrador) Acción: El usuario revocó el permiso Sabores-todos al rol: Empleado
[2025-08-01 14:58:36] Usuario: Martin Schonberger (Rol: Administrador) Acción: El usuario revocó el permiso Sabores-eliminar al rol: Empleado
[2025-08-01 14:58:36] Usuario: Martin Schonberger (Rol: Administrador) Acción: El usuario revocó el permiso Sabores-ver al rol: Empleado
[2025-08-01 14:58:36] Usuario: Martin Schonberger (Rol: Administrador) Acción: El usuario revocó el permiso Pedidos-ver al rol: Empleado
[2025-08-01 14:58:36] Usuario: Martin Schonberger (Rol: Administrador) Acción: El usuario revocó el permiso Agenda-modificar al rol: Empleado
[2025-08-01 14:58:36] Usuario: Martin Schonberger (Rol: Administrador) Acción: El usuario revocó el permiso Clientes-eliminar al rol: Empleado
[2025-08-01 14:58:36] Usuario: Martin Schonberger (Rol: Administrador) Acción: El usuario revocó el permiso Insumos-eliminar al rol: Empleado
[2025-08-01 14:58:36] Usuario: Martin Schonberger (Rol: Administrador) Acción: El usuario revocó el permiso Eventos-ver al rol: Empleado
[2025-08-01 14:58:36] Usuario: Martin Schonberger (Rol: Administrador) Acción: El usuario revocó el permiso Pedidos-modificar al rol: Empleado
[2025-08-01 14:58:36] Usuario: Martin Schonberger (Rol: Administrador) Acción: El usuario revocó el permiso Productos-crear al rol: Empleado
[2025-08-01 14:58:36] Usuario: Martin Schonberger (Rol: Administrador) Acción: El usuario revocó el permiso Agenda-eliminar al rol: Empleado
[2025-08-01 14:58:36] Usuario: Martin Schonberger (Rol: Administrador) Acción: El usuario revocó el permiso Clientes-ver al rol: Empleado
[2025-08-01 14:58:36] Usuario: Martin Schonberger (Rol: Administrador) Acción: El usuario revocó el permiso Sabores-crear al rol: Empleado
[2025-08-01 14:58:36] Usuario: Martin Schonberger (Rol: Administrador) Acción: El usuario revocó el permiso Config. Empleados-eliminar al rol: Empleado
[2025-08-01 14:58:36] Usuario: Martin Schonberger (Rol: Administrador) Acción: El usuario revocó el permiso Recetas-crear al rol: Empleado
[2025-08-01 14:58:36] Usuario: Martin Schonberger (Rol: Administrador) Acción: El usuario revocó el permiso Insumos-crear al rol: Empleado
[2025-08-01 14:58:36] Usuario: Martin Schonberger (Rol: Administrador) Acción: El usuario revocó el permiso Sabores-modificar al rol: Empleado
[2025-08-01 14:58:36] Usuario: Martin Schonberger (Rol: Administrador) Acción: El usuario revocó el permiso Insumos-ver al rol: Empleado
[2025-08-01 14:58:36] Usuario: Martin Schonberger (Rol: Administrador) Acción: El usuario revocó el permiso Estadísticas-crear al rol: Empleado
[2025-08-01 14:58:36] Usuario: Martin Schonberger (Rol: Administrador) Acción: El usuario revocó el permiso Config. Empleados-crear al rol: Empleado
[2025-08-01 14:58:36] Usuario: Martin Schonberger (Rol: Administrador) Acción: El usuario revocó el permiso Proveedores-crear al rol: Empleado
[2025-08-01 14:58:36] Usuario: Martin Schonberger (Rol: Administrador) Acción: El usuario revocó el permiso Eventos-eliminar al rol: Empleado
[2025-08-01 14:58:36] Usuario: Martin Schonberger (Rol: Administrador) Acción: El usuario revocó el permiso Recetas-modificar al rol: Empleado
[2025-08-01 14:58:36] Usuario: Martin Schonberger (Rol: Administrador) Acción: El usuario revocó el permiso Proveedores-modificar al rol: Empleado
[2025-08-01 14:58:36] Usuario: Martin Schonberger (Rol: Administrador) Acción: El usuario revocó el permiso Estadísticas-ver al rol: Empleado
[2025-08-01 14:58:36] Usuario: Martin Schonberger (Rol: Administrador) Acción: Se cargaron permisos para el rol: Empleado
[2025-08-01 14:58:38] Usuario: Martin Schonberger (Rol: Administrador) Acción: El usuario asignó el permiso Eventos-ver al rol: Empleado
[2025-08-01 14:58:38] Usuario: Martin Schonberger (Rol: Administrador) Acción: El usuario asignó el permiso Pedidos-ver al rol: Empleado
[2025-08-01 14:58:38] Usuario: Martin Schonberger (Rol: Administrador) Acción: El usuario asignó el permiso Recetas-ver al rol: Empleado
[2025-08-01 14:58:39] Usuario: Martin Schonberger (Rol: Administrador) Acción: El usuario asignó el permiso Productos-ver al rol: Empleado
[2025-08-01 14:58:40] Usuario: Martin Schonberger (Rol: Administrador) Acción: El usuario asignó el permiso Proveedores-ver al rol: Empleado
[2025-08-01 14:58:40] Usuario: Martin Schonberger (Rol: Administrador) Acción: El usuario asignó el permiso Agenda-ver al rol: Empleado
[2025-08-01 14:58:40] Usuario: Martin Schonberger (Rol: Administrador) Acción: El usuario asignó el permiso Insumos-ver al rol: Empleado
[2025-08-01 14:58:41] Usuario: Martin Schonberger (Rol: Administrador) Acción: El usuario asignó el permiso Clientes-ver al rol: Empleado
[2025-08-01 14:58:41] Usuario: Martin Schonberger (Rol: Administrador) Acción: El usuario asignó el permiso Sabores-ver al rol: Empleado
[2025-08-01 14:58:42] Usuario: Martin Schonberger (Rol: Administrador) Acción: El usuario asignó el permiso Config. Empleados-ver al rol: Empleado
[2025-08-01 14:58:42] Usuario: Martin Schonberger (Rol: Administrador) Acción: El usuario asignó el permiso Stock-ver al rol: Empleado
[2025-08-01 14:58:43] Usuario: Martin Schonberger (Rol: Administrador) Acción: El usuario asignó el permiso Estadísticas-ver al rol: Empleado
[2025-08-01 14:58:43] Usuario: Martin Schonberger (Rol: Administrador) Acción: El usuario asignó el permiso Notificaciones-ver al rol: Empleado
[2025-08-01 14:58:44] Usuario: Martin Schonberger (Rol: Administrador) Acción: El usuario asignó el permiso Settings-ver al rol: Empleado
[2025-08-01 14:58:45] Usuario: Martin Schonberger (Rol: Administrador) Acción: Se activaron todos los permisos para el rol Administrador.
[2025-08-01 14:58:46] Usuario: Martin Schonberger (Rol: Administrador) Acción: El usuario revocó el permiso Agenda-todos al rol: Empleado
[2025-08-01 14:58:46] Usuario: Martin Schonberger (Rol: Administrador) Acción: El usuario revocó el permiso Agenda-crear al rol: Empleado
[2025-08-01 14:58:46] Usuario: Martin Schonberger (Rol: Administrador) Acción: El usuario revocó el permiso Agenda-ver al rol: Empleado
[2025-08-01 14:58:46] Usuario: Martin Schonberger (Rol: Administrador) Acción: El usuario revocó el permiso Productos-todos al rol: Empleado
[2025-08-01 14:58:46] Usuario: Martin Schonberger (Rol: Administrador) Acción: El usuario revocó el permiso Productos-eliminar al rol: Empleado
[2025-08-01 14:58:46] Usuario: Martin Schonberger (Rol: Administrador) Acción: El usuario revocó el permiso Config. Empleados-todos al rol: Empleado
[2025-08-01 14:58:46] Usuario: Martin Schonberger (Rol: Administrador) Acción: El usuario revocó el permiso Config. Empleados-modificar al rol: Empleado
[2025-08-01 14:58:46] Usuario: Martin Schonberger (Rol: Administrador) Acción: El usuario revocó el permiso Settings-ver al rol: Empleado
[2025-08-01 14:58:46] Usuario: Martin Schonberger (Rol: Administrador) Acción: El usuario revocó el permiso Config. Empleados-ver al rol: Empleado
[2025-08-01 14:58:46] Usuario: Martin Schonberger (Rol: Administrador) Acción: El usuario revocó el permiso Productos-modificar al rol: Empleado
[2025-08-01 14:58:46] Usuario: Martin Schonberger (Rol: Administrador) Acción: El usuario revocó el permiso Pedidos-todos al rol: Empleado
[2025-08-01 14:58:46] Usuario: Martin Schonberger (Rol: Administrador) Acción: El usuario revocó el permiso Pedidos-eliminar al rol: Empleado
[2025-08-01 14:58:46] Usuario: Martin Schonberger (Rol: Administrador) Acción: El usuario revocó el permiso Pedidos-crear al rol: Empleado
[2025-08-01 14:58:46] Usuario: Martin Schonberger (Rol: Administrador) Acción: El usuario revocó el permiso Insumos-todos al rol: Empleado
[2025-08-01 14:58:46] Usuario: Martin Schonberger (Rol: Administrador) Acción: El usuario revocó el permiso Insumos-modificar al rol: Empleado
[2025-08-01 14:58:46] Usuario: Martin Schonberger (Rol: Administrador) Acción: El usuario revocó el permiso Recetas-todos al rol: Empleado
[2025-08-01 14:58:46] Usuario: Martin Schonberger (Rol: Administrador) Acción: El usuario revocó el permiso Recetas-eliminar al rol: Empleado
[2025-08-01 14:58:46] Usuario: Martin Schonberger (Rol: Administrador) Acción: El usuario revocó el permiso Proveedores-todos al rol: Empleado
[2025-08-01 14:58:46] Usuario: Martin Schonberger (Rol: Administrador) Acción: El usuario revocó el permiso Proveedores-ver al rol: Empleado
[2025-08-01 14:58:46] Usuario: Martin Schonberger (Rol: Administrador) Acción: El usuario revocó el permiso Clientes-todos al rol: Empleado
[2025-08-01 14:58:46] Usuario: Martin Schonberger (Rol: Administrador) Acción: El usuario revocó el permiso Clientes-modificar al rol: Empleado
[2025-08-01 14:58:46] Usuario: Martin Schonberger (Rol: Administrador) Acción: El usuario revocó el permiso Productos-ver al rol: Empleado
[2025-08-01 14:58:46] Usuario: Martin Schonberger (Rol: Administrador) Acción: El usuario revocó el permiso Proveedores-eliminar al rol: Empleado
[2025-08-01 14:58:46] Usuario: Martin Schonberger (Rol: Administrador) Acción: El usuario revocó el permiso Clientes-crear al rol: Empleado
[2025-08-01 14:58:46] Usuario: Martin Schonberger (Rol: Administrador) Acción: El usuario revocó el permiso Eventos-todos al rol: Empleado
[2025-08-01 14:58:46] Usuario: Martin Schonberger (Rol: Administrador) Acción: El usuario revocó el permiso Eventos-modificar al rol: Empleado
[2025-08-01 14:58:46] Usuario: Martin Schonberger (Rol: Administrador) Acción: El usuario revocó el permiso Eventos-crear al rol: Empleado
[2025-08-01 14:58:46] Usuario: Martin Schonberger (Rol: Administrador) Acción: El usuario revocó el permiso Stock-crear al rol: Empleado
[2025-08-01 14:58:46] Usuario: Martin Schonberger (Rol: Administrador) Acción: El usuario revocó el permiso Recetas-ver al rol: Empleado
[2025-08-01 14:58:46] Usuario: Martin Schonberger (Rol: Administrador) Acción: El usuario revocó el permiso Notificaciones-ver al rol: Empleado
[2025-08-01 14:58:46] Usuario: Martin Schonberger (Rol: Administrador) Acción: El usuario revocó el permiso Stock-ver al rol: Empleado
[2025-08-01 14:58:46] Usuario: Martin Schonberger (Rol: Administrador) Acción: El usuario revocó el permiso Sabores-todos al rol: Empleado
[2025-08-01 14:58:46] Usuario: Martin Schonberger (Rol: Administrador) Acción: El usuario revocó el permiso Sabores-eliminar al rol: Empleado
[2025-08-01 14:58:46] Usuario: Martin Schonberger (Rol: Administrador) Acción: El usuario revocó el permiso Sabores-ver al rol: Empleado
[2025-08-01 14:58:46] Usuario: Martin Schonberger (Rol: Administrador) Acción: El usuario revocó el permiso Pedidos-ver al rol: Empleado
[2025-08-01 14:58:46] Usuario: Martin Schonberger (Rol: Administrador) Acción: El usuario revocó el permiso Agenda-modificar al rol: Empleado
[2025-08-01 14:58:46] Usuario: Martin Schonberger (Rol: Administrador) Acción: El usuario revocó el permiso Clientes-eliminar al rol: Empleado
[2025-08-01 14:58:46] Usuario: Martin Schonberger (Rol: Administrador) Acción: El usuario revocó el permiso Insumos-eliminar al rol: Empleado
[2025-08-01 14:58:46] Usuario: Martin Schonberger (Rol: Administrador) Acción: El usuario revocó el permiso Eventos-ver al rol: Empleado
[2025-08-01 14:58:46] Usuario: Martin Schonberger (Rol: Administrador) Acción: El usuario revocó el permiso Pedidos-modificar al rol: Empleado
[2025-08-01 14:58:46] Usuario: Martin Schonberger (Rol: Administrador) Acción: El usuario revocó el permiso Productos-crear al rol: Empleado
[2025-08-01 14:58:46] Usuario: Martin Schonberger (Rol: Administrador) Acción: El usuario revocó el permiso Agenda-eliminar al rol: Empleado
[2025-08-01 14:58:46] Usuario: Martin Schonberger (Rol: Administrador) Acción: El usuario revocó el permiso Clientes-ver al rol: Empleado
[2025-08-01 14:58:46] Usuario: Martin Schonberger (Rol: Administrador) Acción: El usuario revocó el permiso Sabores-crear al rol: Empleado
[2025-08-01 14:58:46] Usuario: Martin Schonberger (Rol: Administrador) Acción: El usuario revocó el permiso Config. Empleados-eliminar al rol: Empleado
[2025-08-01 14:58:46] Usuario: Martin Schonberger (Rol: Administrador) Acción: El usuario revocó el permiso Recetas-crear al rol: Empleado
[2025-08-01 14:58:46] Usuario: Martin Schonberger (Rol: Administrador) Acción: El usuario revocó el permiso Insumos-crear al rol: Empleado
[2025-08-01 14:58:46] Usuario: Martin Schonberger (Rol: Administrador) Acción: El usuario revocó el permiso Sabores-modificar al rol: Empleado
[2025-08-01 14:58:46] Usuario: Martin Schonberger (Rol: Administrador) Acción: El usuario revocó el permiso Insumos-ver al rol: Empleado
[2025-08-01 14:58:46] Usuario: Martin Schonberger (Rol: Administrador) Acción: El usuario revocó el permiso Estadísticas-crear al rol: Empleado
[2025-08-01 14:58:46] Usuario: Martin Schonberger (Rol: Administrador) Acción: El usuario revocó el permiso Config. Empleados-crear al rol: Empleado
[2025-08-01 14:58:46] Usuario: Martin Schonberger (Rol: Administrador) Acción: El usuario revocó el permiso Proveedores-crear al rol: Empleado
[2025-08-01 14:58:46] Usuario: Martin Schonberger (Rol: Administrador) Acción: El usuario revocó el permiso Eventos-eliminar al rol: Empleado
[2025-08-01 14:58:46] Usuario: Martin Schonberger (Rol: Administrador) Acción: El usuario revocó el permiso Recetas-modificar al rol: Empleado
[2025-08-01 14:58:46] Usuario: Martin Schonberger (Rol: Administrador) Acción: El usuario revocó el permiso Proveedores-modificar al rol: Empleado
[2025-08-01 14:58:46] Usuario: Martin Schonberger (Rol: Administrador) Acción: El usuario revocó el permiso Estadísticas-ver al rol: Empleado
[2025-08-01 14:58:46] Usuario: Martin Schonberger (Rol: Administrador) Acción: Se cargaron permisos para el rol: Empleado
[2025-08-01 14:58:47] Usuario: Martin Schonberger (Rol: Administrador) Acción: Se cargaron permisos para el rol: Cajera
[2025-08-01 14:58:48] Usuario: Martin Schonberger (Rol: Administrador) Acción: Se activaron todos los permisos para el rol Administrador.
[2025-08-01 15:02:18] Usuario: Martin Schonberger (Rol: Administrador) Acción: El usuario ha iniciado sesión.
[2025-08-01 15:02:22] Usuario: Martin Schonberger (Rol: Administrador) Acción: El usuario accedió a la sección de Configuración
[2025-08-01 15:02:23] Usuario: Martin Schonberger (Rol: Administrador) Acción: El usuario accedió a la pantalla de gestión de roles.
[2025-08-01 15:02:23] Usuario: Martin Schonberger (Rol: Administrador) Acción: Roles cargados desde la base de datos: 3 roles disponibles.
[2025-08-01 15:02:23] Usuario: Martin Schonberger (Rol: Administrador) Acción: No se seleccionó ningún rol. Los permisos han sido deshabilitados.
[2025-08-01 15:02:23] Usuario: Martin Schonberger (Rol: Administrador) Acción: El usuario accedió a la ventana de control de roles y permisos para gestionar los privilegios de los usuarios.
[2025-08-01 15:02:24] Usuario: Martin Schonberger (Rol: Administrador) Acción: Se activaron todos los permisos para el rol Administrador.
[2025-08-01 15:02:25] Usuario: Martin Schonberger (Rol: Administrador) Acción: Se cargaron permisos para el rol: Empleado
[2025-08-01 15:02:26] Usuario: Martin Schonberger (Rol: Administrador) Acción: El usuario asignó el permiso Eventos-ver al rol: Empleado
[2025-08-01 15:02:26] Usuario: Martin Schonberger (Rol: Administrador) Acción: El usuario asignó el permiso Pedidos-ver al rol: Empleado
[2025-08-01 15:02:26] Usuario: Martin Schonberger (Rol: Administrador) Acción: El usuario asignó el permiso Recetas-ver al rol: Empleado
[2025-08-01 15:02:27] Usuario: Martin Schonberger (Rol: Administrador) Acción: El usuario asignó el permiso Productos-ver al rol: Empleado
[2025-08-01 15:02:27] Usuario: Martin Schonberger (Rol: Administrador) Acción: El usuario asignó el permiso Proveedores-ver al rol: Empleado
[2025-08-01 15:02:28] Usuario: Martin Schonberger (Rol: Administrador) Acción: El usuario asignó el permiso Agenda-ver al rol: Empleado
[2025-08-01 15:02:28] Usuario: Martin Schonberger (Rol: Administrador) Acción: El usuario asignó el permiso Insumos-ver al rol: Empleado
[2025-08-01 15:02:29] Usuario: Martin Schonberger (Rol: Administrador) Acción: El usuario asignó el permiso Clientes-ver al rol: Empleado
[2025-08-01 15:02:29] Usuario: Martin Schonberger (Rol: Administrador) Acción: El usuario asignó el permiso Sabores-ver al rol: Empleado
[2025-08-01 15:02:30] Usuario: Martin Schonberger (Rol: Administrador) Acción: El usuario asignó el permiso Config. Empleados-ver al rol: Empleado
[2025-08-01 15:02:30] Usuario: Martin Schonberger (Rol: Administrador) Acción: El usuario asignó el permiso Stock-ver al rol: Empleado
[2025-08-01 15:02:30] Usuario: Martin Schonberger (Rol: Administrador) Acción: El usuario asignó el permiso Estadísticas-ver al rol: Empleado
[2025-08-01 15:02:31] Usuario: Martin Schonberger (Rol: Administrador) Acción: El usuario asignó el permiso Notificaciones-ver al rol: Empleado
[2025-08-01 15:02:31] Usuario: Martin Schonberger (Rol: Administrador) Acción: El usuario asignó el permiso Settings-ver al rol: Empleado
[2025-08-01 15:02:33] Usuario: Martin Schonberger (Rol: Administrador) Acción: Se activaron todos los permisos para el rol Administrador.
[2025-08-01 15:02:34] Usuario: Martin Schonberger (Rol: Administrador) Acción: Se cargaron permisos para el rol: Empleado
[2025-08-01 15:02:35] Usuario: Martin Schonberger (Rol: Administrador) Acción: Se cargaron permisos para el rol: Cajera
[2025-08-01 15:02:36] Usuario: Martin Schonberger (Rol: Administrador) Acción: Se cargaron permisos para el rol: Empleado
[2025-08-01 15:02:37] Usuario: Martin Schonberger (Rol: Administrador) Acción: Se activaron todos los permisos para el rol Administrador.
[2025-08-01 15:02:38] Usuario: Martin Schonberger (Rol: Administrador) Acción: Se cargaron permisos para el rol: Empleado
[2025-08-01 15:02:47] Usuario: Martin Schonberger (Rol: Administrador) Acción: Se cargaron permisos para el rol: Cajera
[2025-08-01 15:02:48] Usuario: Martin Schonberger (Rol: Administrador) Acción: El usuario asignó el permiso Eventos-ver al rol: Cajera
[2025-08-01 15:02:48] Usuario: Martin Schonberger (Rol: Administrador) Acción: El usuario asignó el permiso Eventos-crear al rol: Cajera
[2025-08-01 15:02:48] Usuario: Martin Schonberger (Rol: Administrador) Acción: El usuario asignó el permiso Eventos-modificar al rol: Cajera
[2025-08-01 15:02:48] Usuario: Martin Schonberger (Rol: Administrador) Acción: El usuario asignó el permiso Eventos-eliminar al rol: Cajera
[2025-08-01 15:02:48] Usuario: Martin Schonberger (Rol: Administrador) Acción: El usuario asignó el permiso Eventos-todos al rol: Cajera
[2025-08-01 15:02:49] Usuario: Martin Schonberger (Rol: Administrador) Acción: El usuario asignó el permiso Pedidos-ver al rol: Cajera
[2025-08-01 15:02:49] Usuario: Martin Schonberger (Rol: Administrador) Acción: El usuario asignó el permiso Pedidos-crear al rol: Cajera
[2025-08-01 15:02:49] Usuario: Martin Schonberger (Rol: Administrador) Acción: El usuario asignó el permiso Pedidos-modificar al rol: Cajera
[2025-08-01 15:02:49] Usuario: Martin Schonberger (Rol: Administrador) Acción: El usuario asignó el permiso Pedidos-eliminar al rol: Cajera
[2025-08-01 15:02:49] Usuario: Martin Schonberger (Rol: Administrador) Acción: El usuario asignó el permiso Pedidos-todos al rol: Cajera
[2025-08-01 15:02:50] Usuario: Martin Schonberger (Rol: Administrador) Acción: Se activaron todos los permisos para el rol Administrador.
[2025-08-01 15:02:51] Usuario: Martin Schonberger (Rol: Administrador) Acción: Se cargaron permisos para el rol: Empleado
[2025-08-01 15:02:53] Usuario: Martin Schonberger (Rol: Administrador) Acción: Se cargaron permisos para el rol: Cajera
[2025-08-01 15:05:48] Usuario: Martin Schonberger (Rol: Administrador) Acción: El usuario ha iniciado sesión.
[2025-08-01 15:05:48] Usuario: Martin Schonberger (Rol: Administrador) Acción: El usuario regresó al menú principal.
[2025-08-01 15:05:50] Usuario: Martin Schonberger (Rol: Administrador) Acción: El usuario accedió a la sección de Configuración
[2025-08-01 15:05:51] Usuario: Martin Schonberger (Rol: Administrador) Acción: El usuario ha iniciado sesión.
[2025-08-01 15:05:51] Usuario: Martin Schonberger (Rol: Administrador) Acción: El usuario regresó al menú principal.
[2025-08-01 15:05:53] Usuario: Martin Schonberger (Rol: Administrador) Acción: El usuario accedió a la sección de Configuración
[2025-08-01 15:05:54] Usuario: Martin Schonberger (Rol: Administrador) Acción: El usuario accedió a la pantalla de gestión de roles.
[2025-08-01 15:05:54] Usuario: Martin Schonberger (Rol: Administrador) Acción: Roles cargados desde la base de datos: 3 roles disponibles.
[2025-08-01 15:05:54] Usuario: Martin Schonberger (Rol: Administrador) Acción: No se seleccionó ningún rol. Los permisos han sido deshabilitados.
[2025-08-01 15:05:54] Usuario: Martin Schonberger (Rol: Administrador) Acción: El usuario accedió a la ventana de control de roles y permisos para gestionar los privilegios de los usuarios.
[2025-08-01 15:05:55] Usuario: Martin Schonberger (Rol: Administrador) Acción: Se cargaron permisos para el rol: Empleado
[2025-08-01 15:05:56] Usuario: Martin Schonberger (Rol: Administrador) Acción: Se cargaron permisos para el rol: Cajera
[2025-08-01 15:05:57] Usuario: Martin Schonberger (Rol: Administrador) Acción: Se activaron todos los permisos para el rol Administrador.
[2025-08-01 15:05:58] Usuario: Martin Schonberger (Rol: Administrador) Acción: Se cargaron permisos para el rol: Empleado
[2025-08-01 15:05:59] Usuario: Martin Schonberger (Rol: Administrador) Acción: El usuario ha iniciado sesión.
[2025-08-01 15:05:59] Usuario: Martin Schonberger (Rol: Administrador) Acción: El usuario regresó al menú principal.
[2025-08-01 15:06:01] Usuario: Martin Schonberger (Rol: Administrador) Acción: El usuario cerró sesión
[2025-08-01 15:06:12] Usuario: Julian Alvarez (Rol: Empleado) Acción: El usuario ha iniciado sesión.
[2025-08-01 15:06:15] Usuario: Julian Alvarez (Rol: Empleado) Acción: El usuario accedió a la sección de Configuración
[2025-08-01 15:06:17] Usuario: Julian Alvarez (Rol: Empleado) Acción: El usuario ha iniciado sesión.
[2025-08-01 15:06:17] Usuario: Julian Alvarez (Rol: Empleado) Acción: El usuario regresó al menú principal.
[2025-08-01 15:06:17] Usuario: Julian Alvarez (Rol: Empleado) Acción: Accedió a la sección de Estadísticas
[2025-08-01 15:06:21] Usuario: Julian Alvarez (Rol: Empleado) Acción: El usuario ha iniciado sesión.
[2025-08-01 16:24:59] Usuario: Martin Schonberger (Rol: Administrador) Acción: El usuario ha iniciado sesión.
[2025-08-01 16:25:02] Usuario: Martin Schonberger (Rol: Administrador) Acción: Accedió a la sección de Agenda
[2025-08-01 16:30:48] Usuario: Martin Schonberger (Rol: Administrador) Acción: El usuario ha iniciado sesión.
[2025-08-01 16:30:52] Usuario: Martin Schonberger (Rol: Administrador) Acción: Accedió a la sección de Agenda
[2025-08-01 16:39:41] Usuario: Martin Schonberger (Rol: Administrador) Acción: El usuario ha iniciado sesión.
[2025-08-01 16:39:43] Usuario: Martin Schonberger (Rol: Administrador) Acción: Accedió a la sección de Agenda
[2025-08-01 16:45:36] Usuario: Martin Schonberger (Rol: Administrador) Acción: El usuario ha iniciado sesión.
[2025-08-01 16:45:38] Usuario: Martin Schonberger (Rol: Administrador) Acción: Accedió a la sección de Agenda
[2025-08-01 16:52:02] Usuario: Martin Schonberger (Rol: Administrador) Acción: El usuario ha iniciado sesión.
[2025-08-01 16:52:04] Usuario: Martin Schonberger (Rol: Administrador) Acción: Accedió a la sección de Agenda
[2025-08-01 16:52:35] Usuario: Martin Schonberger (Rol: Administrador) Acción: El usuario ha iniciado sesión.
[2025-08-01 16:52:37] Usuario: Martin Schonberger (Rol: Administrador) Acción: Accedió a la sección de Agenda
[2025-08-01 16:54:47] Usuario: Martin Schonberger (Rol: Administrador) Acción: El usuario ha iniciado sesión.
[2025-08-01 16:54:48] Usuario: Martin Schonberger (Rol: Administrador) Acción: Accedió a la sección de Agenda
[2025-08-01 17:01:15] Usuario: Martin Schonberger (Rol: Administrador) Acción: El usuario ha iniciado sesión.
[2025-08-01 17:01:17] Usuario: Martin Schonberger (Rol: Administrador) Acción: Accedió a la sección de Agenda
[2025-08-01 17:01:35] Usuario: Martin Schonberger (Rol: Administrador) Acción: El usuario ha iniciado sesión.
[2025-08-01 17:01:36] Usuario: Martin Schonberger (Rol: Administrador) Acción: Accedió a la sección de Agenda
[2025-08-01 17:01:48] Usuario: Martin Schonberger (Rol: Administrador) Acción: El usuario ha iniciado sesión.
[2025-08-01 17:01:49] Usuario: Martin Schonberger (Rol: Administrador) Acción: Accedió a la sección de Agenda
[2025-08-01 17:01:57] Usuario: Martin Schonberger (Rol: Administrador) Acción: El usuario ha iniciado sesión.
[2025-08-01 17:02:15] Usuario: Martin Schonberger (Rol: Administrador) Acción: Accedió a la sección de Agenda
[2025-08-01 17:06:56] Usuario: Martin Schonberger (Rol: Administrador) Acción: El usuario ha iniciado sesión.
[2025-08-01 17:06:58] Usuario: Martin Schonberger (Rol: Administrador) Acción: Accedió a la sección de Agenda
[2025-08-01 17:09:13] Usuario: Martin Schonberger (Rol: Administrador) Acción: El usuario ha iniciado sesión.
[2025-08-01 17:09:17] Usuario: Martin Schonberger (Rol: Administrador) Acción: Accedió a la sección de Agenda
[2025-08-01 17:11:32] Usuario: Martin Schonberger (Rol: Administrador) Acción: El usuario ha iniciado sesión.
[2025-08-01 17:11:34] Usuario: Martin Schonberger (Rol: Administrador) Acción: Accedió a la sección de Agenda
[2025-08-01 17:11:44] Usuario: Martin Schonberger (Rol: Administrador) Acción: El usuario ha iniciado sesión.
[2025-08-01 17:11:45] Usuario: Martin Schonberger (Rol: Administrador) Acción: Accedió a la sección de Agenda
[2025-08-01 17:12:07] Usuario: Martin Schonberger (Rol: Administrador) Acción: El usuario ha iniciado sesión.
[2025-08-01 17:12:08] Usuario: Martin Schonberger (Rol: Administrador) Acción: Accedió a la sección de Agenda
[2025-08-01 17:12:11] Usuario: Martin Schonberger (Rol: Administrador) Acción: El usuario ha iniciado sesión.
[2025-08-01 17:12:20] Usuario: Martin Schonberger (Rol: Administrador) Acción: Accedió a la sección de Recetas
[2025-08-01 17:12:57] Usuario: Martin Schonberger (Rol: Administrador) Acción: El usuario quiere agregar una nueva receta.
[2025-08-01 17:13:35] Usuario: Martin Schonberger (Rol: Administrador) Acción: Ingrediente agregado: MANTECA, Cantidad: 50 GR
[2025-08-01 17:13:50] Usuario: Martin Schonberger (Rol: Administrador) Acción: CatalogoInsumo HARINA creado con éxito.
[2025-08-01 17:13:59] Usuario: Martin Schonberger (Rol: Administrador) Acción: Ingrediente agregado: HARINA, Cantidad: 200 GR
[2025-08-01 17:14:10] Usuario: Martin Schonberger (Rol: Administrador) Acción: Ingrediente agregado: LECHE, Cantidad: 100 ML
[2025-08-01 17:14:12] Usuario: Martin Schonberger (Rol: Administrador) Acción: Receta guardada: Bizcochuelo
[2025-08-01 17:14:16] Usuario: Martin Schonberger (Rol: Administrador) Acción: El usuario regresó al menú principal desde la pantalla de gestión de recetas.
[2025-08-01 17:14:16] Usuario: Martin Schonberger (Rol: Administrador) Acción: El usuario ha iniciado sesión.
[2025-08-01 17:14:20] Usuario: Martin Schonberger (Rol: Administrador) Acción: Accedió a la sección de Stock
[2025-08-01 17:14:24] Usuario: Martin Schonberger (Rol: Administrador) Acción: El usuario abrió el formulario para agregar un nuevo insumo.
[2025-08-01 17:14:49] Usuario: Martin Schonberger (Rol: Administrador) Acción: El usuario guardó correctamente un insumo: LECHE
[2025-08-01 17:14:52] Usuario: Martin Schonberger (Rol: Administrador) Acción: El usuario abrió el formulario para agregar un nuevo insumo.
[2025-08-01 17:15:24] Usuario: Martin Schonberger (Rol: Administrador) Acción: El usuario guardó correctamente un insumo: MANTECA
[2025-08-01 17:15:27] Usuario: Martin Schonberger (Rol: Administrador) Acción: El usuario abrió el formulario para agregar un nuevo insumo.
[2025-08-01 17:15:49] Usuario: Martin Schonberger (Rol: Administrador) Acción: El usuario guardó correctamente un insumo: HARINA
[2025-08-01 17:15:52] Usuario: Martin Schonberger (Rol: Administrador) Acción: El usuario ha iniciado sesión.
[2025-08-01 17:15:52] Usuario: Martin Schonberger (Rol: Administrador) Acción: El usuario regresó al menú principal.
[2025-08-01 17:15:55] Usuario: Martin Schonberger (Rol: Administrador) Acción: Accedió a la sección de Productos
[2025-08-01 17:15:56] Usuario: Martin Schonberger (Rol: Administrador) Acción: Producto agregado: 
[2025-08-01 17:16:31] Usuario: Martin Schonberger (Rol: Administrador) Acción: El usuario abrió la ventana de gestión de sabores.
[2025-08-01 17:16:33] Usuario: Martin Schonberger (Rol: Administrador) Acción: Sabores seleccionados para el producto: Bizcochuelo
[2025-08-01 17:16:41] Usuario: Martin Schonberger (Rol: Administrador) Acción: El usuario ha iniciado sesión.
[2025-08-01 17:16:41] Usuario: Martin Schonberger (Rol: Administrador) Acción: El usuario regresó al menú principal desde la pantalla de Productos.
[2025-08-01 17:16:43] Usuario: Martin Schonberger (Rol: Administrador) Acción: El usuario accedió a la sección de Configuración
[2025-08-01 17:16:47] Usuario: Martin Schonberger (Rol: Administrador) Acción: El usuario ha iniciado sesión.
[2025-08-01 17:16:47] Usuario: Martin Schonberger (Rol: Administrador) Acción: El usuario regresó al menú principal.
[2025-08-01 17:19:20] Usuario: Martin Schonberger (Rol: Administrador) Acción: El usuario accedió a la sección de Configuración
[2025-08-01 17:19:28] Usuario: Martin Schonberger (Rol: Administrador) Acción: El usuario ha iniciado sesión.
[2025-08-01 17:19:28] Usuario: Martin Schonberger (Rol: Administrador) Acción: El usuario regresó al menú principal.
[2025-08-01 17:36:49] Usuario: Martin Schonberger (Rol: Administrador) Acción: El usuario ha iniciado sesión.
[2025-08-01 17:36:53] Usuario: Martin Schonberger (Rol: Administrador) Acción: Accedió a la sección de Productos
[2025-08-01 17:36:55] Usuario: Martin Schonberger (Rol: Administrador) Acción: Producto agregado: 
[2025-08-01 17:37:15] Usuario: Martin Schonberger (Rol: Administrador) Acción: Producto agregado: 
[2025-08-01 17:40:14] Usuario: Martin Schonberger (Rol: Administrador) Acción: El usuario ha iniciado sesión.
[2025-08-01 17:40:17] Usuario: Martin Schonberger (Rol: Administrador) Acción: Accedió a la sección de Productos
[2025-08-01 17:40:19] Usuario: Martin Schonberger (Rol: Administrador) Acción: Producto agregado: 
[2025-08-01 17:40:49] Usuario: Martin Schonberger (Rol: Administrador) Acción: El usuario abrió la ventana de gestión de sabores.
[2025-08-01 17:40:50] Usuario: Martin Schonberger (Rol: Administrador) Acción: El usuario quiere agregar un nuevo sabor.
[2025-08-01 17:40:55] Usuario: Martin Schonberger (Rol: Administrador) Acción: Nuevo sabor guardado: Chocolate
[2025-08-01 17:40:57] Usuario: Martin Schonberger (Rol: Administrador) Acción: El usuario canceló la selección de sabores.
[2025-08-01 17:40:57] Usuario: Martin Schonberger (Rol: Administrador) Acción: Sabores seleccionados para el producto: 
[2025-08-01 17:41:03] Usuario: Martin Schonberger (Rol: Administrador) Acción: El usuario abrió la ventana de gestión de sabores.
[2025-08-01 17:41:10] Usuario: Martin Schonberger (Rol: Administrador) Acción: Sabores seleccionados para el producto: 
[2025-08-01 17:41:16] Usuario: Martin Schonberger (Rol: Administrador) Acción: El usuario ha iniciado sesión.
[2025-08-01 17:41:16] Usuario: Martin Schonberger (Rol: Administrador) Acción: El usuario regresó al menú principal desde la pantalla de Productos.
[2025-08-01 17:41:34] Usuario: Martin Schonberger (Rol: Administrador) Acción: Accedió a la sección de Productos
[2025-08-01 17:41:35] Usuario: Martin Schonberger (Rol: Administrador) Acción: Producto agregado: 
[2025-08-01 17:42:01] Usuario: Martin Schonberger (Rol: Administrador) Acción: El usuario abrió la ventana de gestión de sabores.
[2025-08-01 17:42:03] Usuario: Martin Schonberger (Rol: Administrador) Acción: El usuario quiere agregar un nuevo sabor.
[2025-08-01 17:42:09] Usuario: Martin Schonberger (Rol: Administrador) Acción: Nuevo sabor guardado: Vainilla
[2025-08-01 17:42:10] Usuario: Martin Schonberger (Rol: Administrador) Acción: El usuario seleccionó el sabor: Vainilla
[2025-08-01 17:42:12] Usuario: Martin Schonberger (Rol: Administrador) Acción: El usuario guardó los sabores seleccionados.
[2025-08-01 17:42:12] Usuario: Martin Schonberger (Rol: Administrador) Acción: Sabores seleccionados para el producto: Bizcochuelo
[2025-08-01 17:42:20] Usuario: Martin Schonberger (Rol: Administrador) Acción: El usuario abrió la ventana de gestión de sabores.
[2025-08-01 17:42:21] Usuario: Martin Schonberger (Rol: Administrador) Acción: El usuario seleccionó el sabor: Vainilla
[2025-08-01 17:42:22] Usuario: Martin Schonberger (Rol: Administrador) Acción: El usuario guardó los sabores seleccionados.
[2025-08-01 17:42:22] Usuario: Martin Schonberger (Rol: Administrador) Acción: Sabores seleccionados para el producto: Bizcochuelo
[2025-08-01 17:46:18] Usuario: Martin Schonberger (Rol: Administrador) Acción: El usuario ha iniciado sesión.
[2025-08-01 17:46:18] Usuario: Martin Schonberger (Rol: Administrador) Acción: El usuario regresó al menú principal desde la pantalla de Productos.
[2025-08-01 17:46:20] Usuario: Martin Schonberger (Rol: Administrador) Acción: El usuario accedió a la sección de Configuración
[2025-08-01 17:46:22] Usuario: Martin Schonberger (Rol: Administrador) Acción: El usuario abrió la ventana de acciones de usuario para visualizar las acciones.
[2025-08-01 17:54:39] Usuario: null (Rol: Sin rol) Acción: Intento de login fallido: usuario no encontrado (DNI: 12345678)
[2025-08-01 17:54:49] Usuario: Martin Schonberger (Rol: Administrador) Acción: El usuario ha iniciado sesión.
[2025-08-01 17:54:53] Usuario: Martin Schonberger (Rol: Administrador) Acción: Accedió a la sección de Productos
[2025-08-01 17:54:54] Usuario: Martin Schonberger (Rol: Administrador) Acción: Producto agregado: 
[2025-08-01 17:55:04] Usuario: Martin Schonberger (Rol: Administrador) Acción: El usuario abrió la ventana de gestión de sabores.
[2025-08-01 17:55:05] Usuario: Martin Schonberger (Rol: Administrador) Acción: El usuario seleccionó el sabor: Chocolate
[2025-08-01 17:55:06] Usuario: Martin Schonberger (Rol: Administrador) Acción: El usuario seleccionó el sabor: Frutilla
[2025-08-01 17:55:07] Usuario: Martin Schonberger (Rol: Administrador) Acción: El usuario guardó los sabores seleccionados.
[2025-08-01 17:55:07] Usuario: Martin Schonberger (Rol: Administrador) Acción: Sabores seleccionados para el producto: sdada
[2025-08-01 17:57:30] Usuario: Martin Schonberger (Rol: Administrador) Acción: El usuario ha iniciado sesión.
[2025-08-01 17:57:33] Usuario: Martin Schonberger (Rol: Administrador) Acción: Accedió a la sección de Productos
[2025-08-01 17:57:35] Usuario: Martin Schonberger (Rol: Administrador) Acción: Producto agregado: 
[2025-08-01 17:57:40] Usuario: Martin Schonberger (Rol: Administrador) Acción: El usuario abrió la ventana de gestión de sabores.
[2025-08-01 17:57:41] Usuario: Martin Schonberger (Rol: Administrador) Acción: El usuario seleccionó el sabor: Chocolate
[2025-08-01 17:57:42] Usuario: Martin Schonberger (Rol: Administrador) Acción: El usuario seleccionó el sabor: Vainilla
[2025-08-01 17:57:43] Usuario: Martin Schonberger (Rol: Administrador) Acción: El usuario guardó los sabores seleccionados.
[2025-08-01 17:57:43] Usuario: Martin Schonberger (Rol: Administrador) Acción: Sabores seleccionados para el producto: []
[2025-08-01 17:59:35] Usuario: Martin Schonberger (Rol: Administrador) Acción: El usuario ha iniciado sesión.
[2025-08-01 17:59:37] Usuario: Martin Schonberger (Rol: Administrador) Acción: Accedió a la sección de Productos
[2025-08-01 17:59:39] Usuario: Martin Schonberger (Rol: Administrador) Acción: Producto agregado: 
[2025-08-01 17:59:45] Usuario: Martin Schonberger (Rol: Administrador) Acción: El usuario abrió la ventana de gestión de sabores.
[2025-08-01 17:59:46] Usuario: Martin Schonberger (Rol: Administrador) Acción: El usuario seleccionó el sabor: Frutilla
[2025-08-01 17:59:46] Usuario: Martin Schonberger (Rol: Administrador) Acción: El usuario seleccionó el sabor: Chocolate
[2025-08-01 17:59:47] Usuario: Martin Schonberger (Rol: Administrador) Acción: El usuario seleccionó el sabor: Vainilla
[2025-08-01 17:59:48] Usuario: Martin Schonberger (Rol: Administrador) Acción: El usuario guardó los sabores seleccionados.
[2025-08-01 17:59:48] Usuario: Martin Schonberger (Rol: Administrador) Acción: Sabores seleccionados para el producto: []
[2025-08-01 18:01:14] Usuario: Martin Schonberger (Rol: Administrador) Acción: El usuario ha iniciado sesión.
[2025-08-01 18:01:16] Usuario: Martin Schonberger (Rol: Administrador) Acción: Accedió a la sección de Productos
[2025-08-01 18:01:18] Usuario: Martin Schonberger (Rol: Administrador) Acción: Producto agregado: 
[2025-08-01 18:01:27] Usuario: Martin Schonberger (Rol: Administrador) Acción: El usuario abrió la ventana de gestión de sabores.
[2025-08-01 18:01:28] Usuario: Martin Schonberger (Rol: Administrador) Acción: El usuario seleccionó el sabor: Chocolate
[2025-08-01 18:01:28] Usuario: Martin Schonberger (Rol: Administrador) Acción: El usuario seleccionó el sabor: Frutilla
[2025-08-01 18:01:29] Usuario: Martin Schonberger (Rol: Administrador) Acción: El usuario seleccionó el sabor: Vainilla
[2025-08-01 18:01:30] Usuario: Martin Schonberger (Rol: Administrador) Acción: El usuario guardó los sabores seleccionados.
[2025-08-01 18:01:30] Usuario: Martin Schonberger (Rol: Administrador) Acción: Sabores seleccionados para el producto: [Chocolate, Frutilla, Vainilla]
[2025-08-01 18:01:31] Usuario: Martin Schonberger (Rol: Administrador) Acción: Producto modificado: dasdasd (ID: null)
[2025-08-01 18:01:34] Usuario: Martin Schonberger (Rol: Administrador) Acción: El usuario ha iniciado sesión.
[2025-08-01 18:01:34] Usuario: Martin Schonberger (Rol: Administrador) Acción: El usuario regresó al menú principal desde la pantalla de Productos.
[2025-08-01 18:01:35] Usuario: Martin Schonberger (Rol: Administrador) Acción: Accedió a la sección de Productos
[2025-08-01 18:04:05] Usuario: Martin Schonberger (Rol: Administrador) Acción: El usuario ha iniciado sesión.
[2025-08-01 18:04:15] Usuario: Martin Schonberger (Rol: Administrador) Acción: Accedió a la sección de Productos
[2025-08-01 18:04:33] Usuario: Martin Schonberger (Rol: Administrador) Acción: El usuario abrió la ventana de gestión de sabores.
[2025-08-01 18:04:34] Usuario: Martin Schonberger (Rol: Administrador) Acción: El usuario seleccionó el sabor: Chocolate
[2025-08-01 18:04:35] Usuario: Martin Schonberger (Rol: Administrador) Acción: El usuario guardó los sabores seleccionados.
[2025-08-01 18:04:35] Usuario: Martin Schonberger (Rol: Administrador) Acción: Sabores seleccionados para el producto: [Chocolate]
[2025-08-01 18:04:36] Usuario: Martin Schonberger (Rol: Administrador) Acción: Producto modificado: wqeqweqw (ID: null)
[2025-08-01 18:04:36] Usuario: Martin Schonberger (Rol: Administrador) Acción: Producto agregado: wqeqweqw
[2025-08-01 18:04:48] Usuario: Martin Schonberger (Rol: Administrador) Acción: Producto modificado: dasdasd (ID: 1)
[2025-08-01 18:04:48] Usuario: Martin Schonberger (Rol: Administrador) Acción: Producto modificado: dasdasd
[2025-08-01 18:04:55] Usuario: Martin Schonberger (Rol: Administrador) Acción: El usuario ha iniciado sesión.
[2025-08-01 18:04:55] Usuario: Martin Schonberger (Rol: Administrador) Acción: El usuario regresó al menú principal desde la pantalla de Productos.
[2025-08-01 18:04:57] Usuario: Martin Schonberger (Rol: Administrador) Acción: Accedió a la sección de Productos
[2025-08-01 18:05:03] Usuario: Martin Schonberger (Rol: Administrador) Acción: Producto modificado: wqeqweqw (ID: 2)
[2025-08-01 18:05:03] Usuario: Martin Schonberger (Rol: Administrador) Acción: Producto modificado: wqeqweqw
[2025-08-01 18:05:15] Usuario: Martin Schonberger (Rol: Administrador) Acción: Producto modificado: dasdasd (ID: 1)
[2025-08-01 18:05:15] Usuario: Martin Schonberger (Rol: Administrador) Acción: Producto modificado: dasdasd
[2025-08-01 18:05:46] Usuario: Martin Schonberger (Rol: Administrador) Acción: El usuario ha iniciado sesión.
[2025-08-01 18:05:46] Usuario: Martin Schonberger (Rol: Administrador) Acción: El usuario regresó al menú principal desde la pantalla de Productos.
[2025-08-01 18:05:53] Usuario: Martin Schonberger (Rol: Administrador) Acción: Accedió a la sección de Productos
[2025-08-01 18:05:55] Usuario: Martin Schonberger (Rol: Administrador) Acción: El usuario ha iniciado sesión.
[2025-08-01 18:05:55] Usuario: Martin Schonberger (Rol: Administrador) Acción: El usuario regresó al menú principal desde la pantalla de Productos.
[2025-08-01 18:05:57] Usuario: Martin Schonberger (Rol: Administrador) Acción: Accedió a la sección de Pedidos
[2025-08-01 18:06:26] Usuario: Martin Schonberger (Rol: Administrador) Acción: Catálogo abierto correctamente.
[2025-08-01 18:12:28] Usuario: Martin Schonberger (Rol: Administrador) Acción: El usuario ha iniciado sesión.
[2025-08-01 18:12:35] Usuario: Martin Schonberger (Rol: Administrador) Acción: Accedió a la sección de Pedidos
[2025-08-01 18:13:35] Usuario: Martin Schonberger (Rol: Administrador) Acción: Catálogo abierto correctamente.
[2025-08-01 18:19:19] Usuario: Martin Schonberger (Rol: Administrador) Acción: El usuario ha iniciado sesión.
[2025-08-01 18:20:34] Usuario: Martin Schonberger (Rol: Administrador) Acción: Accedió a la sección de Pedidos
[2025-08-01 18:20:54] Usuario: Martin Schonberger (Rol: Administrador) Acción: Catálogo abierto correctamente.
[2025-08-01 18:20:56] Usuario: Martin Schonberger (Rol: Administrador) Acción: Pedido creado: Sol con productos: [dasdasd, wqeqweqw]
[2025-08-01 18:20:56] Usuario: Martin Schonberger (Rol: Administrador) Acción: Pedido creado: Sol con productos: [dasdasd, wqeqweqw]
[2025-08-01 18:22:50] Usuario: Martin Schonberger (Rol: Administrador) Acción: El usuario ha iniciado sesión.
[2025-08-01 18:22:53] Usuario: Martin Schonberger (Rol: Administrador) Acción: Accedió a la sección de Pedidos
[2025-08-01 18:25:38] Usuario: Martin Schonberger (Rol: Administrador) Acción: El usuario ha iniciado sesión.
[2025-08-01 18:25:40] Usuario: Martin Schonberger (Rol: Administrador) Acción: Accedió a la sección de Pedidos
[2025-08-01 18:25:54] Usuario: Martin Schonberger (Rol: Administrador) Acción: Catálogo abierto correctamente.
[2025-08-01 18:25:56] Usuario: Martin Schonberger (Rol: Administrador) Acción: Pedido creado: Sol con productos: [wqeqweqw]
[2025-08-01 18:26:43] Usuario: Martin Schonberger (Rol: Administrador) Acción: El usuario ha iniciado sesión.
[2025-08-01 18:26:45] Usuario: Martin Schonberger (Rol: Administrador) Acción: Accedió a la sección de Stock
[2025-08-01 18:26:52] Usuario: Martin Schonberger (Rol: Administrador) Acción: El usuario ha iniciado sesión.
[2025-08-01 18:26:52] Usuario: Martin Schonberger (Rol: Administrador) Acción: El usuario regresó al menú principal.
[2025-08-01 18:26:53] Usuario: Martin Schonberger (Rol: Administrador) Acción: Accedió a la sección de Recetas
[2025-08-01 18:26:56] Usuario: Martin Schonberger (Rol: Administrador) Acción: El usuario regresó al menú principal desde la pantalla de gestión de recetas.
[2025-08-01 18:26:56] Usuario: Martin Schonberger (Rol: Administrador) Acción: El usuario ha iniciado sesión.
[2025-08-01 18:26:58] Usuario: Martin Schonberger (Rol: Administrador) Acción: Accedió a la sección de Pedidos
[2025-08-01 18:27:12] Usuario: Martin Schonberger (Rol: Administrador) Acción: Catálogo abierto correctamente.
[2025-08-01 18:27:13] Usuario: Martin Schonberger (Rol: Administrador) Acción: Pedido creado: Sol con productos: [wqeqweqw]
[2025-08-01 18:27:14] Usuario: Martin Schonberger (Rol: Administrador) Acción: El usuario ha iniciado sesión.
[2025-08-01 18:27:16] Usuario: Martin Schonberger (Rol: Administrador) Acción: Accedió a la sección de Stock
[2025-08-01 18:30:27] Usuario: Martin Schonberger (Rol: Administrador) Acción: El usuario ha iniciado sesión.
[2025-08-01 18:30:39] Usuario: Martin Schonberger (Rol: Administrador) Acción: Accedió a la sección de Pedidos
[2025-08-01 18:30:59] Usuario: Martin Schonberger (Rol: Administrador) Acción: Catálogo abierto correctamente.
[2025-08-01 18:31:01] Usuario: Martin Schonberger (Rol: Administrador) Acción: Pedido creado: Sol con productos: [dasdasd]
[2025-08-01 18:31:12] Usuario: Martin Schonberger (Rol: Administrador) Acción: El usuario ha iniciado sesión.
[2025-08-01 18:31:16] Usuario: Martin Schonberger (Rol: Administrador) Acción: Accedió a la sección de Stock
[2025-08-01 18:35:56] Usuario: Martin Schonberger (Rol: Administrador) Acción: El usuario ha iniciado sesión.
[2025-08-01 18:35:59] Usuario: Martin Schonberger (Rol: Administrador) Acción: Accedió a la sección de Pedidos
[2025-08-01 18:36:00] Usuario: Martin Schonberger (Rol: Administrador) Acción: El usuario ha iniciado sesión.
[2025-08-01 18:36:02] Usuario: Martin Schonberger (Rol: Administrador) Acción: Accedió a la sección de Stock
[2025-08-01 18:36:05] Usuario: Martin Schonberger (Rol: Administrador) Acción: El usuario ha iniciado sesión.
[2025-08-01 18:36:05] Usuario: Martin Schonberger (Rol: Administrador) Acción: El usuario regresó al menú principal.
[2025-08-01 18:36:08] Usuario: Martin Schonberger (Rol: Administrador) Acción: Accedió a la sección de Pedidos
[2025-08-01 18:36:24] Usuario: Martin Schonberger (Rol: Administrador) Acción: Catálogo abierto correctamente.
[2025-08-01 18:36:25] Usuario: Martin Schonberger (Rol: Administrador) Acción: Pedido creado: Sol con productos: [wqeqweqw]
[2025-08-01 18:36:25] Usuario: Martin Schonberger (Rol: Administrador) Acción: Pedido creado: Sol con productos: [wqeqweqw]
[2025-08-01 18:39:59] Usuario: Martin Schonberger (Rol: Administrador) Acción: El usuario ha iniciado sesión.
[2025-08-01 18:40:01] Usuario: Martin Schonberger (Rol: Administrador) Acción: Accedió a la sección de Pedidos
[2025-08-01 18:40:17] Usuario: Martin Schonberger (Rol: Administrador) Acción: Catálogo abierto correctamente.
[2025-08-01 18:40:18] Usuario: Martin Schonberger (Rol: Administrador) Acción: Pedido creado: Sol con productos: [wqeqweqw]
[2025-08-01 18:40:18] Usuario: Martin Schonberger (Rol: Administrador) Acción: Pedido creado: Sol con productos: [wqeqweqw]
[2025-08-01 18:43:43] Usuario: Martin Schonberger (Rol: Administrador) Acción: El usuario ha iniciado sesión.
[2025-08-01 18:43:45] Usuario: Martin Schonberger (Rol: Administrador) Acción: Accedió a la sección de Pedidos
[2025-08-01 18:43:58] Usuario: Martin Schonberger (Rol: Administrador) Acción: Catálogo abierto correctamente.
[2025-08-01 18:44:00] Usuario: Martin Schonberger (Rol: Administrador) Acción: Pedido creado: Sol con productos: [wqeqweqw]
[2025-08-01 18:44:00] Usuario: Martin Schonberger (Rol: Administrador) Acción: Pedido creado: Sol con productos: [wqeqweqw]
[2025-08-01 18:46:16] Usuario: Martin Schonberger (Rol: Administrador) Acción: El usuario ha iniciado sesión.
[2025-08-01 18:46:19] Usuario: Martin Schonberger (Rol: Administrador) Acción: Accedió a la sección de Pedidos
[2025-08-01 18:48:33] Usuario: Martin Schonberger (Rol: Administrador) Acción: El usuario ha iniciado sesión.
[2025-08-01 18:48:36] Usuario: Martin Schonberger (Rol: Administrador) Acción: Accedió a la sección de Pedidos
[2025-08-01 18:48:41] Usuario: Martin Schonberger (Rol: Administrador) Acción: El usuario a eliminado el pedido N°5
[2025-08-01 18:48:59] Usuario: Martin Schonberger (Rol: Administrador) Acción: El usuario a eliminado el pedido N°7
[2025-08-01 18:49:03] Usuario: Martin Schonberger (Rol: Administrador) Acción: El usuario a eliminado el pedido N°4
[2025-08-01 18:49:07] Usuario: Martin Schonberger (Rol: Administrador) Acción: El usuario a eliminado el pedido N°6
[2025-08-01 18:49:12] Usuario: Martin Schonberger (Rol: Administrador) Acción: El usuario a eliminado el pedido N°3
[2025-08-01 18:49:16] Usuario: Martin Schonberger (Rol: Administrador) Acción: El usuario a eliminado el pedido N°2
[2025-08-01 18:49:20] Usuario: Martin Schonberger (Rol: Administrador) Acción: El usuario a eliminado el pedido N°1
[2025-08-01 18:49:22] Usuario: Martin Schonberger (Rol: Administrador) Acción: El usuario ha iniciado sesión.
[2025-08-01 18:49:25] Usuario: Martin Schonberger (Rol: Administrador) Acción: Accedió a la sección de Stock
[2025-08-01 19:05:15] Usuario: Martin Schonberger (Rol: Administrador) Acción: El usuario ha iniciado sesión.
[2025-08-01 19:05:17] Usuario: Martin Schonberger (Rol: Administrador) Acción: Accedió a la sección de Pedidos
[2025-08-01 19:05:33] Usuario: Martin Schonberger (Rol: Administrador) Acción: Catálogo abierto correctamente.
[2025-08-01 19:05:35] Usuario: Martin Schonberger (Rol: Administrador) Acción: Pedido creado: Sol con productos: [wqeqweqw]
[2025-08-01 19:05:35] Usuario: Martin Schonberger (Rol: Administrador) Acción: Pedido creado: Sol con productos: [wqeqweqw]
[2025-08-01 19:06:05] Usuario: Martin Schonberger (Rol: Administrador) Acción: El usuario ha iniciado sesión.
[2025-08-01 19:06:07] Usuario: Martin Schonberger (Rol: Administrador) Acción: Accedió a la sección de Stock
[2025-08-01 19:06:23] Usuario: Martin Schonberger (Rol: Administrador) Acción: El usuario ha iniciado sesión.
[2025-08-01 19:06:23] Usuario: Martin Schonberger (Rol: Administrador) Acción: El usuario regresó al menú principal.
[2025-08-01 19:06:25] Usuario: Martin Schonberger (Rol: Administrador) Acción: Accedió a la sección de Pedidos
[2025-08-01 19:06:37] Usuario: Martin Schonberger (Rol: Administrador) Acción: Catálogo abierto correctamente.
[2025-08-01 19:06:38] Usuario: Martin Schonberger (Rol: Administrador) Acción: Pedido creado: Sol con productos: [dasdasd]
[2025-08-01 19:06:38] Usuario: Martin Schonberger (Rol: Administrador) Acción: Pedido creado: Sol con productos: [dasdasd]
[2025-08-01 19:06:40] Usuario: Martin Schonberger (Rol: Administrador) Acción: El usuario ha iniciado sesión.
[2025-08-01 19:06:42] Usuario: Martin Schonberger (Rol: Administrador) Acción: Accedió a la sección de Stock
[2025-08-01 19:12:40] Usuario: Martin Schonberger (Rol: Administrador) Acción: El usuario ha iniciado sesión.
[2025-08-01 19:12:42] Usuario: Martin Schonberger (Rol: Administrador) Acción: Accedió a la sección de Pedidos
[2025-08-01 19:12:58] Usuario: Martin Schonberger (Rol: Administrador) Acción: Catálogo abierto correctamente.
[2025-08-01 19:12:59] Usuario: Martin Schonberger (Rol: Administrador) Acción: Pedido creado: Sol con productos: [dasdasd]
[2025-08-01 19:12:59] Usuario: Martin Schonberger (Rol: Administrador) Acción: Pedido creado: Sol con productos: [dasdasd]
[2025-08-01 19:14:17] Usuario: Martin Schonberger (Rol: Administrador) Acción: El usuario ha iniciado sesión.
[2025-08-01 19:14:19] Usuario: Martin Schonberger (Rol: Administrador) Acción: Accedió a la sección de Pedidos
[2025-08-01 19:14:33] Usuario: Martin Schonberger (Rol: Administrador) Acción: Catálogo abierto correctamente.
[2025-08-01 19:14:34] Usuario: Martin Schonberger (Rol: Administrador) Acción: Pedido creado: Sol con productos: [wqeqweqw]
[2025-08-01 19:14:34] Usuario: Martin Schonberger (Rol: Administrador) Acción: Pedido creado: Sol con productos: [wqeqweqw]
[2025-08-01 19:15:00] Usuario: Martin Schonberger (Rol: Administrador) Acción: El usuario ha iniciado sesión.
[2025-08-01 19:15:02] Usuario: Martin Schonberger (Rol: Administrador) Acción: Accedió a la sección de Pedidos
[2025-08-01 19:18:59] Usuario: Martin Schonberger (Rol: Administrador) Acción: El usuario ha iniciado sesión.
[2025-08-01 19:19:01] Usuario: Martin Schonberger (Rol: Administrador) Acción: Accedió a la sección de Pedidos
[2025-08-01 19:19:16] Usuario: Martin Schonberger (Rol: Administrador) Acción: Catálogo abierto correctamente.
[2025-08-01 19:20:54] Usuario: Martin Schonberger (Rol: Administrador) Acción: El usuario ha iniciado sesión.
[2025-08-01 19:20:55] Usuario: Martin Schonberger (Rol: Administrador) Acción: Accedió a la sección de Pedidos
[2025-08-01 19:21:06] Usuario: Martin Schonberger (Rol: Administrador) Acción: Catálogo abierto correctamente.
[2025-08-01 19:21:07] Usuario: Martin Schonberger (Rol: Administrador) Acción: Pedido creado: Sol con productos: [wqeqweqw]
[2025-08-01 19:21:07] Usuario: Martin Schonberger (Rol: Administrador) Acción: Pedido creado: Sol con productos: [wqeqweqw]
[2025-08-01 19:27:07] Usuario: Martin Schonberger (Rol: Administrador) Acción: El usuario ha iniciado sesión.
[2025-08-01 19:27:09] Usuario: Martin Schonberger (Rol: Administrador) Acción: Accedió a la sección de Pedidos
[2025-08-01 19:27:19] Usuario: Martin Schonberger (Rol: Administrador) Acción: Catálogo abierto correctamente.
[2025-08-01 19:27:22] Usuario: Martin Schonberger (Rol: Administrador) Acción: Pedido creado: Sol con productos: [dasdasd]
[2025-08-01 19:27:22] Usuario: Martin Schonberger (Rol: Administrador) Acción: Intento de agregar pedido duplicado: 13
[2025-08-01 19:28:16] Usuario: Martin Schonberger (Rol: Administrador) Acción: El usuario a eliminado el pedido N°10
[2025-08-01 19:28:18] Usuario: Martin Schonberger (Rol: Administrador) Acción: El usuario ha iniciado sesión.
[2025-08-01 19:28:21] Usuario: Martin Schonberger (Rol: Administrador) Acción: Accedió a la sección de Stock
[2025-08-01 19:28:29] Usuario: Martin Schonberger (Rol: Administrador) Acción: El usuario ha iniciado sesión.
[2025-08-01 19:28:29] Usuario: Martin Schonberger (Rol: Administrador) Acción: El usuario regresó al menú principal.
[2025-08-01 19:28:31] Usuario: Martin Schonberger (Rol: Administrador) Acción: Accedió a la sección de Pedidos
[2025-08-01 19:28:34] Usuario: Martin Schonberger (Rol: Administrador) Acción: El usuario a eliminado el pedido N°8
[2025-08-01 19:28:37] Usuario: Martin Schonberger (Rol: Administrador) Acción: El usuario ha iniciado sesión.
[2025-08-01 19:28:38] Usuario: Martin Schonberger (Rol: Administrador) Acción: Accedió a la sección de Stock
[2025-08-01 19:28:43] Usuario: Martin Schonberger (Rol: Administrador) Acción: El usuario ha iniciado sesión.
[2025-08-01 19:28:43] Usuario: Martin Schonberger (Rol: Administrador) Acción: El usuario regresó al menú principal.
[2025-08-01 19:32:43] Usuario: Martin Schonberger (Rol: Administrador) Acción: Accedió a la sección de Stock
[2025-08-01 19:32:51] Usuario: Martin Schonberger (Rol: Administrador) Acción: El usuario ha iniciado sesión.
[2025-08-01 19:32:51] Usuario: Martin Schonberger (Rol: Administrador) Acción: El usuario regresó al menú principal.
[2025-08-01 19:32:53] Usuario: Martin Schonberger (Rol: Administrador) Acción: Accedió a la sección de Stock
[2025-08-01 19:32:54] Usuario: Martin Schonberger (Rol: Administrador) Acción: El usuario ha iniciado sesión.
[2025-08-01 19:32:54] Usuario: Martin Schonberger (Rol: Administrador) Acción: El usuario regresó al menú principal.
[2025-08-01 19:33:01] Usuario: Martin Schonberger (Rol: Administrador) Acción: Accedió a la sección de Pedidos
[2025-08-01 19:33:16] Usuario: Martin Schonberger (Rol: Administrador) Acción: Catálogo abierto correctamente.
[2025-08-01 19:33:17] Usuario: Martin Schonberger (Rol: Administrador) Acción: Pedido creado: Sol con productos: [dasdasd]
[2025-08-01 19:33:17] Usuario: Martin Schonberger (Rol: Administrador) Acción: Intento de agregar pedido duplicado: 14
[2025-08-01 19:33:20] Usuario: Martin Schonberger (Rol: Administrador) Acción: El usuario ha iniciado sesión.
[2025-08-01 19:33:21] Usuario: Martin Schonberger (Rol: Administrador) Acción: Accedió a la sección de Stock
[2025-08-01 19:35:36] Usuario: Martin Schonberger (Rol: Administrador) Acción: El usuario ha iniciado sesión.
[2025-08-01 19:35:36] Usuario: Martin Schonberger (Rol: Administrador) Acción: El usuario regresó al menú principal.
[2025-08-01 19:35:40] Usuario: Martin Schonberger (Rol: Administrador) Acción: Accedió a la sección de Pedidos
[2025-08-01 19:35:54] Usuario: Martin Schonberger (Rol: Administrador) Acción: Catálogo abierto correctamente.
[2025-08-01 19:35:55] Usuario: Martin Schonberger (Rol: Administrador) Acción: Pedido creado: Sol con productos: [wqeqweqw]
[2025-08-01 19:35:55] Usuario: Martin Schonberger (Rol: Administrador) Acción: Intento de agregar pedido duplicado: 15
[2025-08-01 19:35:56] Usuario: Martin Schonberger (Rol: Administrador) Acción: El usuario ha iniciado sesión.
[2025-08-01 19:35:59] Usuario: Martin Schonberger (Rol: Administrador) Acción: Accedió a la sección de Stock
[2025-08-01 19:36:05] Usuario: Martin Schonberger (Rol: Administrador) Acción: El usuario ha iniciado sesión.
[2025-08-01 19:36:05] Usuario: Martin Schonberger (Rol: Administrador) Acción: El usuario regresó al menú principal.
[2025-08-01 20:21:05] Usuario: Martin Schonberger (Rol: Administrador) Acción: El usuario ha iniciado sesión.
[2025-08-01 20:21:13] Usuario: Martin Schonberger (Rol: Administrador) Acción: Accedió a la sección de Pedidos
[2025-08-01 20:21:17] Usuario: Martin Schonberger (Rol: Administrador) Acción: El usuario a eliminado el pedido N°14
[2025-08-01 20:21:23] Usuario: Martin Schonberger (Rol: Administrador) Acción: El usuario ha iniciado sesión.
[2025-08-01 20:21:26] Usuario: Martin Schonberger (Rol: Administrador) Acción: Accedió a la sección de Stock
[2025-08-01 20:22:43] Usuario: Martin Schonberger (Rol: Administrador) Acción: El usuario ha iniciado sesión.
[2025-08-01 20:22:43] Usuario: Martin Schonberger (Rol: Administrador) Acción: El usuario regresó al menú principal.
[2025-08-01 20:22:45] Usuario: Martin Schonberger (Rol: Administrador) Acción: Accedió a la sección de Pedidos
[2025-08-01 20:22:49] Usuario: Martin Schonberger (Rol: Administrador) Acción: El usuario a eliminado el pedido N°15
[2025-08-01 20:22:53] Usuario: Martin Schonberger (Rol: Administrador) Acción: El usuario ha iniciado sesión.
[2025-08-01 20:22:55] Usuario: Martin Schonberger (Rol: Administrador) Acción: Accedió a la sección de Stock
[2025-08-01 20:42:12] Usuario: Martin Schonberger (Rol: Administrador) Acción: El usuario ha iniciado sesión.
[2025-08-01 20:42:15] Usuario: Martin Schonberger (Rol: Administrador) Acción: Accedió a la sección de Stock
[2025-08-01 20:42:24] Usuario: Martin Schonberger (Rol: Administrador) Acción: El usuario ha iniciado sesión.
[2025-08-01 20:42:24] Usuario: Martin Schonberger (Rol: Administrador) Acción: El usuario regresó al menú principal.
[2025-08-01 20:42:25] Usuario: Martin Schonberger (Rol: Administrador) Acción: Accedió a la sección de Pedidos
[2025-08-01 20:42:40] Usuario: Martin Schonberger (Rol: Administrador) Acción: El usuario ha iniciado sesión.
[2025-08-01 20:42:41] Usuario: Martin Schonberger (Rol: Administrador) Acción: Accedió a la sección de Stock
[2025-08-01 20:42:50] Usuario: Martin Schonberger (Rol: Administrador) Acción: El usuario ha iniciado sesión.
[2025-08-01 20:42:50] Usuario: Martin Schonberger (Rol: Administrador) Acción: El usuario regresó al menú principal.
[2025-08-01 20:42:52] Usuario: Martin Schonberger (Rol: Administrador) Acción: Accedió a la sección de Pedidos
[2025-08-01 20:42:55] Usuario: Martin Schonberger (Rol: Administrador) Acción: El usuario a eliminado el pedido N°11
[2025-08-01 20:42:57] Usuario: Martin Schonberger (Rol: Administrador) Acción: El usuario ha iniciado sesión.
[2025-08-01 20:42:58] Usuario: Martin Schonberger (Rol: Administrador) Acción: Accedió a la sección de Stock
[2025-08-01 20:43:14] Usuario: Martin Schonberger (Rol: Administrador) Acción: El usuario ha iniciado sesión.
[2025-08-01 20:43:14] Usuario: Martin Schonberger (Rol: Administrador) Acción: El usuario regresó al menú principal.
[2025-08-01 20:43:17] Usuario: Martin Schonberger (Rol: Administrador) Acción: Accedió a la sección de Stock
[2025-08-01 20:43:19] Usuario: Martin Schonberger (Rol: Administrador) Acción: El usuario ha iniciado sesión.
[2025-08-01 20:43:19] Usuario: Martin Schonberger (Rol: Administrador) Acción: El usuario regresó al menú principal.
[2025-08-01 20:43:20] Usuario: Martin Schonberger (Rol: Administrador) Acción: Accedió a la sección de Pedidos
[2025-08-01 20:43:27] Usuario: Martin Schonberger (Rol: Administrador) Acción: Catálogo abierto correctamente.
[2025-08-01 20:43:40] Usuario: Martin Schonberger (Rol: Administrador) Acción: El usuario ha iniciado sesión.
[2025-08-01 20:43:41] Usuario: Martin Schonberger (Rol: Administrador) Acción: Accedió a la sección de Stock
[2025-08-01 20:48:10] Usuario: Martin Schonberger (Rol: Administrador) Acción: El usuario ha iniciado sesión.
[2025-08-01 20:48:11] Usuario: Martin Schonberger (Rol: Administrador) Acción: Accedió a la sección de Pedidos
[2025-08-01 20:48:19] Usuario: Martin Schonberger (Rol: Administrador) Acción: Catálogo abierto correctamente.
[2025-08-01 20:49:18] Usuario: Martin Schonberger (Rol: Administrador) Acción: El usuario a eliminado el pedido N°12
[2025-08-01 20:49:22] Usuario: Martin Schonberger (Rol: Administrador) Acción: El usuario ha iniciado sesión.
[2025-08-01 20:49:26] Usuario: Martin Schonberger (Rol: Administrador) Acción: Accedió a la sección de Stock
[2025-08-01 20:49:34] Usuario: Martin Schonberger (Rol: Administrador) Acción: El usuario ha iniciado sesión.
[2025-08-01 20:49:34] Usuario: Martin Schonberger (Rol: Administrador) Acción: El usuario regresó al menú principal.
